-BEGIN HEADER-,,,,,
NASA/POWER Source Native Resolution Daily Data ,,,,,
Dates (month/day/year): 01/01/2020 through 05/31/2025 in LST,,,,,
Location: latitude  -2.9196   longitude -79.0017 ,,,,,
elevation from MERRA-2: Average for 0.5 x 0.625 degree lat/lon region = 2496.1 meters,,,,,
The value for missing source data that cannot be computed or is outside of the sources availability range: -999 ,,,,,
parameter(s): ,,,,,
T2M                   MERRA-2 Temperature at 2 Meters (C) ,,,,,
RH2M                  MERRA-2 Relative Humidity at 2 Meters (%) ,,,,,
WS2M                  MERRA-2 Wind Speed at 2 Meters (m/s) ,,,,,
PRECTOTCORR           MERRA-2 Precipitation Corrected (mm/day) ,,,,,
ALLSKY_SFC_SW_DWN     CERES SYN1deg All Sky Surface Shortwave Downward Irradiance (MJ/m^2/day) ,,,,,
-END HEADER-,,,,,
DATE,T2M,RH2M,WS2M,PRECTOTCORR,ALLSKY_SFC_SW_DWN
2020-01-01,13.75,84.87,0.76,4.33,13.02
2020-01-02,14.18,87.25,1.23,2.17,14.14
2020-01-03,13.95,88.74,1.28,3.6,13.23
2020-01-04,15.29,83.22,0.65,0.41,17.46
2020-01-05,15.7,79.08,1.01,1.23,13.72
2020-01-06,15.81,77.66,0.98,0.42,15.36
2020-01-07,15.09,83.65,1.79,0,11.79
2020-01-08,14.72,80.68,1.87,0,17.56
2020-01-09,13.47,80.23,2.64,0.18,20.9
2020-01-10,13.05,87.62,2.62,2.35,15.93
2020-01-11,12.87,88.96,2.57,1.36,13.56
2020-01-12,13.25,88.65,2.95,1.55,13.71
2020-01-13,13.56,86.96,2.88,0.7,15.17
2020-01-14,13.53,87.56,2.82,1.04,13.9
2020-01-15,14.02,87.67,2.71,0.21,11.75
2020-01-16,14.04,87.74,3.34,3.68,12.87
2020-01-17,13.78,89.63,4.11,4.06,15.62
2020-01-18,13.13,89.5,4.38,1.76,13.89
2020-01-19,12.65,89.55,3.24,2.58,12.92
2020-01-20,13.63,87.22,1.98,16.45,16.19
2020-01-21,15.38,80.27,1.23,1.75,12.46
2020-01-22,16.44,78.01,0.9,0.21,15.83
2020-01-23,14.62,88.63,0.89,0.27,13.15
2020-01-24,14.92,86.46,1.52,2.89,16.54
2020-01-25,14.11,90.72,1.13,17.85,13.55
2020-01-26,14.98,86.21,1.12,2.99,16.32
2020-01-27,15.44,83.93,1.29,0.55,15.33
2020-01-28,15.69,82.55,0.93,3.04,11.11
2020-01-29,14.42,93.01,0.98,6.27,15.16
2020-01-30,14.62,89.1,1.85,0.6,16.23
2020-01-31,13.73,89.19,2.75,0.69,15.74
2020-02-01,12.75,91.39,2.45,5.81,10.74
2020-02-02,12.93,88,2.11,5.92,14.84
2020-02-03,13.93,85.84,2.24,0.42,15.9
2020-02-04,13.98,82.79,2.03,0.05,17.35
2020-02-05,14.75,85.19,1.71,0,13.04
2020-02-06,15.24,82,1.64,0,18.35
2020-02-07,14.54,85.97,1.75,0.2,13.93
2020-02-08,15.4,86.75,1.3,2.52,14.65
2020-02-09,14.99,90.09,2.08,5.33,16.26
2020-02-10,14.18,88.24,2.98,1.41,13.83
2020-02-11,13.37,83.09,2.57,0,16.09
2020-02-12,14.05,86.45,2.52,4.87,14.09
2020-02-13,14.9,87.32,2.29,1.69,13.67
2020-02-14,15.23,87.92,2.71,1.65,12.67
2020-02-15,14.58,90.39,3.17,3.86,8.46
2020-02-16,13.74,89.36,2.61,2.37,14.3
2020-02-17,14.06,87.65,2.88,0.88,14.71
2020-02-18,14.29,87.87,3.41,0.44,13.74
2020-02-19,15.09,88.62,2.72,1.59,13.33
2020-02-20,15.53,87.97,1.74,0.44,13.95
2020-02-21,15.39,88.2,0.95,8.34,12.38
2020-02-22,15.03,90.95,1.14,7.21,17.57
2020-02-23,14.14,92.72,1.9,7.84,16.29
2020-02-24,15.33,86.31,1.23,1.61,9.55
2020-02-25,15.79,88.78,1.43,5.83,15.14
2020-02-26,15.06,91.07,0.99,9.05,15.96
2020-02-27,14.14,89.79,1.55,16.42,14.43
2020-02-28,14.77,86.42,1.83,2.8,14.59
2020-02-29,14.94,89.62,1.94,0.21,8.07
2020-03-01,14.25,90.23,1.82,2.71,11.53
2020-03-02,14.56,91.51,2.26,3.81,9.7
2020-03-03,14.23,88.75,2.09,0.87,13.07
2020-03-04,15.08,88.88,3.01,1.61,14.06
2020-03-05,14.99,89.79,3.42,2.94,9.68
2020-03-06,14.48,89.15,2.26,1.25,10.2
2020-03-07,15.17,89.3,2.13,5.93,14.19
2020-03-08,15.5,86.48,2.08,1.23,14.28
2020-03-09,15.61,90.08,3.19,1.96,13.78
2020-03-10,14.65,90.11,2.6,1.78,11.44
2020-03-11,14.42,87.87,1.93,3.23,12.82
2020-03-12,14.64,87.81,1.55,2.21,14.46
2020-03-13,14.91,88.09,2.08,10.42,15.71
2020-03-14,14.03,88.09,1.51,4.51,15.13
2020-03-15,15.4,86,1.6,1.44,16.99
2020-03-16,14.85,92.31,1.42,0.33,14.91
2020-03-17,14.21,91.82,1.3,0.12,17.41
2020-03-18,14.52,87.96,1.22,0.02,14.77
2020-03-19,14.88,84.97,1.25,0.01,16.36
2020-03-20,14.94,77.73,1.21,0.01,16.9
2020-03-21,14.96,75.87,0.93,0,21.49
2020-03-22,14.63,75.71,1.13,0.1,18.41
2020-03-23,13.77,87.49,1.83,0.01,16.75
2020-03-24,14.2,84.45,1.98,0.06,17.5
2020-03-25,14.75,86.92,1.69,0.04,14.38
2020-03-26,15.17,85.08,1.31,0,14.75
2020-03-27,15.1,89.45,1.64,0,9.21
2020-03-28,15.22,88.32,2.08,0,13.4
2020-03-29,14.71,89.68,2.61,0,10.5
2020-03-30,13.98,87.48,2.68,0.03,10.24
2020-03-31,13.76,86.11,1.81,0.08,15.41
2020-04-01,14.22,88.27,1.93,15.24,13.91
2020-04-02,12.96,91.43,2.35,34.65,16.36
2020-04-03,12.89,90.02,2.77,2.32,17.68
2020-04-04,13.79,89.9,2.09,5.74,14.85
2020-04-05,14.35,91.32,1.88,11.59,18.13
2020-04-06,14.28,90.45,2.9,1.82,16.36
2020-04-07,14.18,90.05,2.61,4.14,14.1
2020-04-08,13.1,89.73,2.48,3.22,13.35
2020-04-09,12.87,89.24,1.99,1.88,14.19
2020-04-10,14.09,89.31,2.11,1.24,17.76
2020-04-11,14.49,91.41,1.28,4.09,12.08
2020-04-12,13.83,91.97,1.13,12.5,15.43
2020-04-13,14.54,87.84,1.37,2.53,16.9
2020-04-14,14.96,84.48,1,0.06,12.71
2020-04-15,13.97,83.39,1.07,2.81,15.11
2020-04-16,13.69,88.54,1.4,4.19,18.23
2020-04-17,12.07,91.53,1.63,2.33,15.37
2020-04-18,12.06,91.25,2.47,4.71,14.71
2020-04-19,12.2,88.68,2.24,0.42,16.94
2020-04-20,12,83.08,2.02,0,18.93
2020-04-21,12.59,80.33,1.79,0,19.3
2020-04-22,13.06,83.07,1.51,0.47,18.45
2020-04-23,13.89,86.58,1.74,0.57,16.56
2020-04-24,14.24,86.51,1.31,7.78,16.99
2020-04-25,14.62,88.19,1.4,9.42,15.05
2020-04-26,13.76,89.87,2.2,2.88,14.99
2020-04-27,12.57,91.45,2.47,5.34,16.12
2020-04-28,12.55,90.21,2.14,3.71,14.62
2020-04-29,13.35,88.47,2.12,1.48,14.68
2020-04-30,14.13,90.44,2.84,4.73,15.74
2020-05-01,13.51,92.9,3.47,8.66,15.53
2020-05-02,13.03,92.51,3.12,6.23,13.58
2020-05-03,13.59,92.16,2.43,7.45,14.43
2020-05-04,13.05,92.76,2.01,5.5,12.29
2020-05-05,13.85,86.67,1.62,0.72,13.11
2020-05-06,13.68,87.4,1.96,5.17,9.91
2020-05-07,13.24,90.98,2.43,3.42,14.16
2020-05-08,13.16,95.09,3.48,19.66,15.37
2020-05-09,13.46,92.78,3.44,8.75,17.02
2020-05-10,13.89,89.73,2.14,0.11,12.84
2020-05-11,15.07,88.5,1.24,4.39,14.73
2020-05-12,15.17,90.22,0.99,9.12,14.48
2020-05-13,14.04,88.54,0.9,4.94,13.99
2020-05-14,13.91,85.13,1.62,0.92,11.12
2020-05-15,12.69,88.96,2.06,0.13,13.03
2020-05-16,12.93,90.53,3.52,0,12.67
2020-05-17,13.09,90.64,2.82,0.24,14.44
2020-05-18,12.54,90.69,2.09,1.61,14.99
2020-05-19,12.75,91.25,2.48,2.61,10.6
2020-05-20,11.94,89.67,2.56,0.51,16.24
2020-05-21,12.58,90.94,2.41,0.9,12.99
2020-05-22,12.63,90.45,2.45,1.62,13.93
2020-05-23,12.71,90.97,3.08,6.31,14.15
2020-05-24,11.52,90.29,3.29,9.89,13.31
2020-05-25,11.7,91.06,2.78,5.69,14.28
2020-05-26,11.97,91.33,3.35,0.62,13.38
2020-05-27,12.75,89.95,2.49,0.18,13.51
2020-05-28,13.59,88.65,1.53,0.01,15.31
2020-05-29,13.62,88.69,1.28,5.33,14.99
2020-05-30,13.41,92.53,1.41,6.22,14.26
2020-05-31,13.16,91.6,1.4,3.72,13.06
2020-06-01,12.58,91.87,1.72,3.74,13.12
2020-06-02,13.43,83.61,1.42,0.44,13.13
2020-06-03,13.88,88.12,1.41,0.17,12.48
2020-06-04,13.34,90.47,2.17,0.84,11
2020-06-05,12.27,92.83,2.88,3.87,10.89
2020-06-06,11.6,87.23,2.14,0.26,11.96
2020-06-07,11.99,87.37,2.42,1.11,17.56
2020-06-08,10.89,78.91,2.4,0.76,10.76
2020-06-09,12.02,84.98,2.14,0.23,11.37
2020-06-10,12.6,87.31,1.68,0.03,16.7
2020-06-11,12.18,82.22,1.35,0,15.38
2020-06-12,13.35,75.01,1.08,0,18.13
2020-06-13,13.35,86.18,1.92,1.7,15.64
2020-06-14,12.78,92.21,3.72,3.47,8.57
2020-06-15,11.88,90.82,3.44,3.56,12.36
2020-06-16,11.97,91.46,2.64,3.26,13.34
2020-06-17,12.66,87.39,2.02,1.12,11.03
2020-06-18,12.67,89.24,2.19,0.57,10.67
2020-06-19,11.77,89.65,2.27,6.02,13.22
2020-06-20,11.57,91.92,2.8,3.86,10.99
2020-06-21,10.73,89.4,3.03,3.32,8.41
2020-06-22,11.52,88.31,2.62,0.63,11.49
2020-06-23,11.5,90.39,2.3,2.19,14.66
2020-06-24,12.68,85.29,1.8,4.89,12.15
2020-06-25,12.39,90.37,2.25,4.27,12.63
2020-06-26,11.46,91.65,2.66,6.44,9.01
2020-06-27,11.82,89.04,2.36,2.03,14.22
2020-06-28,12.05,84.1,2.33,1.47,11
2020-06-29,12.17,90.11,2.17,1.73,10.97
2020-06-30,12.43,88.9,1.9,1.85,11.06
2020-07-01,12.09,90.68,1.87,3.1,9.49
2020-07-02,12.06,89.33,2.61,1.19,9.85
2020-07-03,11.97,89.12,2.15,1.89,8.34
2020-07-04,11.8,88.57,1.9,2.86,9.8
2020-07-05,12.64,88.58,2.1,0.39,10.85
2020-07-06,11.94,87.67,2.09,2.54,10.44
2020-07-07,11.71,86.6,1.67,0.08,9.41
2020-07-08,12.92,87.03,1.71,1.21,12.27
2020-07-09,12.02,91.29,2.64,9.87,12.59
2020-07-10,11.11,91.3,2.52,21.12,8.53
2020-07-11,11.98,84.66,1.75,0.26,10.31
2020-07-12,12.48,88.91,2.1,2.77,14.39
2020-07-13,12,91.46,2.83,1.77,9.28
2020-07-14,11.36,87.34,2.95,5.52,13.27
2020-07-15,10.48,87.41,3.31,4.4,10.03
2020-07-16,10.59,79.29,2.75,0.05,11.9
2020-07-17,11.4,88.18,2.74,0.03,11.31
2020-07-18,11.44,90.15,2.84,3.91,15.36
2020-07-19,10.93,89.87,2.65,1.63,13.84
2020-07-20,11.62,90.69,2.74,1.24,12.68
2020-07-21,12.11,89.75,2.23,1.6,13.52
2020-07-22,12.88,87.32,1.87,0.32,12.79
2020-07-23,12.97,86.17,1.79,0.06,15.01
2020-07-24,12.9,86.48,1.48,0.73,14.59
2020-07-25,12.16,88.76,2.74,0.68,12.51
2020-07-26,10.88,90.28,3.22,1.72,10
2020-07-27,11.63,85.76,2.28,0.5,9.35
2020-07-28,12.12,84.09,2.2,0.05,10.14
2020-07-29,11.64,89.04,2.7,1,13.12
2020-07-30,11.71,89.37,3.39,0.8,9.39
2020-07-31,12.36,89.65,3.51,1.46,10.2
2020-08-01,12.51,86.96,3.11,0.33,18.72
2020-08-02,12.12,85.6,2.77,0,19.64
2020-08-03,12.36,87.15,3.2,0.01,14.75
2020-08-04,11.16,78.23,3.04,0,18.39
2020-08-05,11.16,85.42,3.19,0.09,15.53
2020-08-06,11.73,87.44,3.34,0.31,17.65
2020-08-07,10.48,88.59,3.35,0.25,16.17
2020-08-08,10.1,87.25,3.24,0.02,15.06
2020-08-09,10.95,86.65,3.17,0,16.08
2020-08-10,12.33,84.07,2.52,0,16.72
2020-08-11,13.19,83.8,1.82,0.01,14.65
2020-08-12,13.94,82.78,2.17,0.01,12.88
2020-08-13,14.08,86.44,2.32,0.92,17.2
2020-08-14,13.9,86.35,2.19,0.39,16.46
2020-08-15,13.77,85.38,2.41,0.19,13.83
2020-08-16,13.73,79.15,2.29,0.03,12.47
2020-08-17,14.88,68.36,1.57,0,17.19
2020-08-18,14.79,83.33,1.14,0.3,18.1
2020-08-19,14.74,84.23,1.05,0.33,17.87
2020-08-20,13.99,87.55,1.98,2.2,17.67
2020-08-21,12.2,88.23,2.26,3.96,9.7
2020-08-22,11.34,82.85,2.43,0.37,8.37
2020-08-23,12.17,83.87,2.49,0.06,12.78
2020-08-24,12.46,81.98,1.91,0,14.33
2020-08-25,13.17,82.6,2.11,0,19.63
2020-08-26,13.2,81.77,2.28,0,17.99
2020-08-27,12.67,73.85,2.17,0.07,14.49
2020-08-28,13.51,67.53,1.97,0.02,16.23
2020-08-29,14.25,70.42,1.51,0.08,15.83
2020-08-30,14.07,74.74,1.97,2.27,12.78
2020-08-31,11.82,84.11,2.56,0.61,12.66
2020-09-01,11.94,86.48,3.16,0.27,9.44
2020-09-02,12.5,82.41,2.86,0.02,14.08
2020-09-03,13.15,86,2.83,0.75,13.69
2020-09-04,13.09,85.57,3.29,1.02,12.28
2020-09-05,12.97,89.05,3.27,3.69,16.39
2020-09-06,13.63,85.02,2.82,0.24,13.54
2020-09-07,14.34,84.01,2.34,0.03,13.16
2020-09-08,14.24,84.54,2.58,1.46,17.76
2020-09-09,12.27,85.87,2.62,1.14,13.95
2020-09-10,12.19,80.94,2.95,0,13.83
2020-09-11,13.21,84.93,2.89,0.12,14.4
2020-09-12,13.36,81.54,2.86,0,18.16
2020-09-13,12.56,84.89,3.35,1.66,15.11
2020-09-14,12.89,84.45,3.17,0.4,10.42
2020-09-15,12.77,80.09,2.77,0.44,14.91
2020-09-16,13.96,76.06,1.64,1.62,13.89
2020-09-17,14.66,78.28,1.9,0.52,15.62
2020-09-18,14.49,84.79,1.89,0.97,15.38
2020-09-19,14.26,87.41,2.29,1.02,14.66
2020-09-20,13.22,86.36,2.41,1.37,18.06
2020-09-21,13.81,85.89,2.79,0.63,19.74
2020-09-22,14.16,81.86,2.47,2.22,18.32
2020-09-23,13,87.74,3.51,4.16,12.52
2020-09-24,12.03,88.04,4.13,7.65,15.17
2020-09-25,12.31,78.69,3.06,1.17,18.22
2020-09-26,13.32,72.15,2.41,0.06,17.3
2020-09-27,14.5,69.26,1.64,3.09,16.42
2020-09-28,14.33,84.55,2.17,2.06,19.03
2020-09-29,13.34,87.53,2.4,1.53,16.44
2020-09-30,13.25,87.72,2.99,0.69,14.52
2020-10-01,13.47,85.87,3.5,0.02,14.49
2020-10-02,13.59,73.58,2.46,0.05,15.39
2020-10-03,12.34,85.09,2.81,2.42,14.07
2020-10-04,12.43,84.47,3.34,0.46,10.58
2020-10-05,12.09,79.72,3.47,0.01,10.63
2020-10-06,12.37,75.16,2.77,2.87,18.01
2020-10-07,12.4,69.7,2.92,2.55,22.22
2020-10-08,11.85,78.21,2.95,0.34,12.67
2020-10-09,13.53,80.91,3.45,0.06,17.13
2020-10-10,13.29,81.19,3.29,0,13.36
2020-10-11,13.49,79.66,3.03,1.41,20.85
2020-10-12,13.35,86.72,3.26,4.37,18.52
2020-10-13,13.69,85.85,2.98,1.04,18.53
2020-10-14,13.43,80.11,2.51,0.51,13.87
2020-10-15,13.47,81.33,2.88,0.17,13.21
2020-10-16,13.26,86.76,3.65,0.16,11.83
2020-10-17,13.38,85.53,3.47,0,13.6
2020-10-18,13.83,80.97,2.37,0,15.89
2020-10-19,14.79,81.23,1.91,0,19.92
2020-10-20,15.31,81.87,2.86,0,15.79
2020-10-21,13.92,84.78,3.62,0.93,16.53
2020-10-22,13.68,84.58,4.04,0.75,17.67
2020-10-23,13.59,81.22,2.93,0.01,13.07
2020-10-24,14.79,78.31,1.76,0.4,16.42
2020-10-25,14.7,85.82,1.53,4.18,17.44
2020-10-26,14.95,86.44,1.5,0.76,13.82
2020-10-27,15.13,88.44,1.03,0.39,11.18
2020-10-28,14.72,84.13,1.14,4.24,16.48
2020-10-29,15.6,70.42,1.19,0.36,20.03
2020-10-30,14.97,69.32,0.95,0.03,14.74
2020-10-31,15.21,71.54,1.35,0,13.48
2020-11-01,16.01,78.54,1.09,0,18.32
2020-11-02,15.77,77.5,0.97,0,18.93
2020-11-03,15.38,70.81,0.98,0,18.21
2020-11-04,15.61,82.49,1.37,0,20.43
2020-11-05,15.71,79.49,1.78,0,15.33
2020-11-06,14.35,83.12,1.67,0.48,14.55
2020-11-07,13.75,82.2,2.55,0.1,13.59
2020-11-08,13.59,82.03,3.11,0.02,17.54
2020-11-09,14.04,86.6,2.17,0.01,12.26
2020-11-10,15.49,79.27,1.52,13.13,18.44
2020-11-11,14.3,87.72,1.19,1.12,16.25
2020-11-12,14.25,77.36,1.23,0,15.29
2020-11-13,15.31,60.43,1.24,0,16.48
2020-11-14,14.07,75.18,0.76,0.07,16.54
2020-11-15,14.01,81.86,1.33,0.15,13.55
2020-11-16,13.92,88.02,1.18,0.34,18.1
2020-11-17,15.11,82.15,1.17,1.36,14.99
2020-11-18,15.14,85.03,1.32,2,14.75
2020-11-19,14.02,91,1.47,5.73,11.04
2020-11-20,13.75,87.59,1.12,0.48,18.39
2020-11-21,15.15,83.48,1.1,0,17.36
2020-11-22,15.17,86.77,2.4,7.46,15.11
2020-11-23,13.53,89.83,2.6,2.88,12.24
2020-11-24,13.97,85.18,3.16,1.1,15.24
2020-11-25,14.2,77.23,1.93,0.26,19.08
2020-11-26,15.11,80.38,2.09,0.08,19.25
2020-11-27,13.68,84.31,1.51,0.3,12.39
2020-11-28,13.29,81.09,1.81,0.13,15.63
2020-11-29,14.07,88.42,2.39,0.27,11.69
2020-11-30,14.12,87.13,2.28,1.2,13.96
2020-12-01,14.36,87.15,1.72,5.36,16.92
2020-12-02,14.11,85.73,1.43,4.47,12.77
2020-12-03,14.6,86.35,1.6,4.21,11.94
2020-12-04,14.42,85.95,2.32,1.2,12.47
2020-12-05,13.9,86.52,2.58,0.53,9.54
2020-12-06,13.58,85.67,2.73,1.57,13.73
2020-12-07,13.73,86.02,2.57,2.1,11.94
2020-12-08,13.95,90.23,2.02,1.76,12.58
2020-12-09,14.73,80.8,1.64,5.5,18.02
2020-12-10,15.04,83.02,1.34,3.92,11.53
2020-12-11,14.6,86.36,1.72,2.05,10.35
2020-12-12,14.74,82,2.21,0.48,14.46
2020-12-13,13.45,90.34,2.26,1.58,15.35
2020-12-14,14.11,85.91,2.16,0.14,11.5
2020-12-15,14.82,86.28,1.97,3.54,11.57
2020-12-16,14.48,85.34,2.27,2.03,13.02
2020-12-17,13.59,88.94,2.69,5.58,10.71
2020-12-18,13.52,83.72,1.78,1.27,14.49
2020-12-19,14.67,81.02,1.56,0.05,14.8
2020-12-20,15.04,84.21,1.64,0.7,15.8
2020-12-21,14.8,86.74,2.22,0.1,14.62
2020-12-22,14.44,84.85,2.4,0.26,12.63
2020-12-23,15.04,82.73,1.87,0.74,15.39
2020-12-24,14.75,87.27,1.35,0.38,10.08
2020-12-25,14.74,85.62,0.92,0.94,12.8
2020-12-26,14.66,79.43,1.35,4.37,10.43
2020-12-27,14.01,80.74,0.96,0.88,16.2
2020-12-28,13.82,83.59,0.77,1.14,16.19
2020-12-29,14.29,83.91,1.37,2.81,18.26
2020-12-30,14.32,87.66,1.07,20.35,13.68
2020-12-31,13.9,91.3,1.34,9.26,13.22
2021-01-01,13.29,89.23,2.47,2.04,12.44
2021-01-02,13.65,87.68,2.28,5.72,14.12
2021-01-03,14.27,85.03,1.5,2.67,15.9
2021-01-04,14.31,88.89,0.93,5.7,10.88
2021-01-05,13.93,88.64,0.56,6.88,15.35
2021-01-06,12.82,89.68,1.14,2.9,15.84
2021-01-07,12.25,90.44,2.04,2.82,15.15
2021-01-08,11.99,84.74,2.12,1.1,11.96
2021-01-09,13.12,84.29,2.09,0.35,12.83
2021-01-10,13.35,85.74,2.55,2.52,15.83
2021-01-11,13.67,84.99,2.6,0.56,16.5
2021-01-12,13.83,86.93,2.21,1.47,14.7
2021-01-13,14.26,88.17,2.41,3.31,16.73
2021-01-14,14.42,88.2,2.04,2.23,15.57
2021-01-15,14.8,87.67,1.64,8.58,12.04
2021-01-16,14.08,89.98,0.89,4.34,13.83
2021-01-17,14.93,83.63,1.68,1.51,15.52
2021-01-18,14.11,88.61,1.76,2.09,12.77
2021-01-19,12.48,90.35,2.36,1.69,12.72
2021-01-20,12.7,85.4,2.36,3.28,13.54
2021-01-21,13.61,79.56,2.38,1.98,10.77
2021-01-22,12.28,90.34,2.3,9.1,14.53
2021-01-23,13.06,85.47,2.54,0.2,13.8
2021-01-24,13.56,87.37,2.48,10.12,13.26
2021-01-25,13.35,89.61,2.53,11.69,13.52
2021-01-26,13.41,86.75,2.27,0.01,15.83
2021-01-27,14.15,88.73,2.43,9.53,15.36
2021-01-28,14.07,87.25,1.88,7.42,12.8
2021-01-29,14.41,89.67,1.72,4.2,15.37
2021-01-30,13.45,84.51,2.32,4,14.53
2021-01-31,13.63,84.88,2.5,0.29,15.05
2021-02-01,14.36,88.02,2.63,2.25,16.47
2021-02-02,14.39,89.1,2.5,2.18,12.48
2021-02-03,14.39,85.79,2.8,0.35,14.38
2021-02-04,13.78,88.91,2.61,2.11,12.3
2021-02-05,13.9,82.04,2,0.65,10.4
2021-02-06,13.26,87.64,1.92,0.46,13.74
2021-02-07,14.56,85.12,2.05,5.19,13.8
2021-02-08,14.77,90.56,1.7,2.99,14.4
2021-02-09,15.39,85.3,1.52,3.08,12.83
2021-02-10,15.1,86.44,0.73,7.58,16
2021-02-11,14.68,88.79,1.2,6.49,8.96
2021-02-12,14.96,87.5,1.57,1.97,12.38
2021-02-13,15.53,86.26,1.78,0.35,15.64
2021-02-14,15.19,89.53,1.32,1.38,14.04
2021-02-15,13.05,91.97,0.71,5.26,13.77
2021-02-16,14.24,88.08,1.01,3.65,17.73
2021-02-17,14.41,87.23,1.1,3.4,20
2021-02-18,14.03,82.68,1.22,6.57,20.05
2021-02-19,14.73,80.2,1.12,2.17,14.33
2021-02-20,15.08,85.61,1.4,1.84,11.93
2021-02-21,14.51,88.02,1.15,3.77,12.52
2021-02-22,13.75,90.92,1.88,5.44,11.6
2021-02-23,13.51,86.76,2.04,1.41,14.71
2021-02-24,13.73,88.56,3.11,0.6,14.55
2021-02-25,13.54,90.3,3.13,2.92,14.45
2021-02-26,13.98,87.12,2.01,2.01,16
2021-02-27,14.21,89.49,2.33,1.97,13.39
2021-02-28,14.27,89.57,1.87,16.35,15.89
2021-03-01,13.98,90.49,1.02,15.32,12.47
2021-03-02,13.45,92.91,0.98,11.04,11.49
2021-03-03,13.04,90.49,1.17,9.29,15.88
2021-03-04,13.31,87.4,1.35,5.38,17.14
2021-03-05,13.65,90.25,1.64,2.72,13.59
2021-03-06,13.92,89.08,2.17,0.89,15.89
2021-03-07,13.38,91.73,2.33,0.86,9.92
2021-03-08,13.51,89.48,1.54,7.31,12.26
2021-03-09,13.42,92.06,0.97,9.63,10.95
2021-03-10,13.24,90.91,0.79,8.05,12.63
2021-03-11,13.23,91.58,0.95,13.02,19.01
2021-03-12,13.78,88.2,1.01,5.67,18.34
2021-03-13,13.6,91.75,1.34,6.58,16.2
2021-03-14,13.34,90.74,0.99,12.1,18.82
2021-03-15,12.9,90.25,1.44,9.46,14.56
2021-03-16,13.21,89.97,0.83,11.4,14.99
2021-03-17,14.73,86.21,1.34,6.29,14.58
2021-03-18,13.6,91.5,0.93,9.28,13.19
2021-03-19,13.58,91.72,0.97,4.79,18.22
2021-03-20,14.59,82.7,1.11,0.83,19.79
2021-03-21,13.68,89.15,1.06,0.39,11.8
2021-03-22,13.2,91.67,1.24,4.87,20.76
2021-03-23,13.96,90.21,1.62,1.22,20.11
2021-03-24,13.42,92.34,1.61,0.84,14.71
2021-03-25,13.41,90.79,1.71,0.55,18.1
2021-03-26,13.63,91.76,1.63,3.36,15.44
2021-03-27,13.52,90.38,1.78,5.21,14.24
2021-03-28,13.42,90.28,2.86,3.6,11.71
2021-03-29,12.78,90.22,2.9,2.05,11.64
2021-03-30,12.13,90.56,2.76,2.59,16.22
2021-03-31,12.07,89.74,2.84,1.16,13.99
2021-04-01,13.19,89.05,2.07,0.92,14.99
2021-04-02,13.98,89.59,2.17,2.28,19.56
2021-04-03,13.5,90.84,2.34,4.18,17.79
2021-04-04,12.16,92.23,2.07,3.23,11.87
2021-04-05,12.55,89.53,2.33,0.08,14.43
2021-04-06,12.8,89.06,2.2,0.5,14.51
2021-04-07,12.69,89.58,2.04,1.97,12.72
2021-04-08,13.2,87.63,1.66,1.97,17.73
2021-04-09,13.9,89.07,2.25,1.43,16.37
2021-04-10,13.03,91.42,1.9,1.23,19.08
2021-04-11,12.96,87.15,2.02,3.01,15.16
2021-04-12,12.24,90.14,2.77,1.69,17.85
2021-04-13,12.33,90.93,2.92,0.21,15.53
2021-04-14,12.9,91.24,2.42,2.28,13.46
2021-04-15,13.01,91.64,2.14,5.45,13.41
2021-04-16,13.55,89.83,1.88,1.6,13.6
2021-04-17,13.69,89.75,2.01,1.06,16.19
2021-04-18,13.52,87.63,1.64,0.3,15.02
2021-04-19,13.44,90.41,1.79,2.73,13.02
2021-04-20,13.23,86.08,1.86,0.31,15.01
2021-04-21,13.57,88.8,1.63,2.65,15.22
2021-04-22,13.85,86.8,1.64,0.44,16.49
2021-04-23,13.72,91.97,2.19,6.37,12.54
2021-04-24,14.06,88.12,1.84,0.11,15.2
2021-04-25,14.34,89.79,1.8,2.37,15.5
2021-04-26,13.2,91.93,1.62,6.43,15.37
2021-04-27,13.11,91.03,1.71,7.63,10.68
2021-04-28,12.71,91.03,1.39,5.29,15.71
2021-04-29,12.96,90.39,2.06,18.07,12.09
2021-04-30,12.32,89.44,1.71,2.54,6.94
2021-05-01,12.52,88.64,1.22,24.74,12.17
2021-05-02,13.1,87.21,1.25,3.8,14.24
2021-05-03,11.52,86.77,0.99,2.56,12.66
2021-05-04,13.74,82.99,1.28,4.12,17.64
2021-05-05,13.36,87.7,1.34,0.2,10.8
2021-05-06,13.09,90.82,1.77,1.8,11.44
2021-05-07,11.73,89.21,1.63,2.78,13.8
2021-05-08,11.44,92.02,2.58,19.26,14.18
2021-05-09,12.09,92.01,3.11,7.94,13.21
2021-05-10,11.53,90.85,3.07,0.23,11.79
2021-05-11,11.12,90.71,3.15,0.17,14.45
2021-05-12,10.77,90.51,2.84,0.85,17.12
2021-05-13,11.52,91.39,2.65,0.81,10.35
2021-05-14,12.31,92.2,2.74,1.88,12.81
2021-05-15,12.35,92.63,2.52,9.6,12.7
2021-05-16,12.21,92.14,3.16,4.91,11.98
2021-05-17,11.56,91.03,2.45,11.82,12.88
2021-05-18,11.77,90.31,2.29,2.31,10.71
2021-05-19,12.18,89.02,2.14,0.05,11.7
2021-05-20,12.98,89.46,1.87,0,12.25
2021-05-21,13.35,89.43,2.11,0,11.99
2021-05-22,13.31,90.14,2.8,0,13.97
2021-05-23,12.35,88.44,2.87,0.38,10.39
2021-05-24,11.16,90.44,2.72,3.97,11.13
2021-05-25,11.26,91.97,3.04,2.67,10.2
2021-05-26,12.11,90.26,2.47,1.19,12.95
2021-05-27,11.96,87.35,2.12,0.09,11.73
2021-05-28,13.14,85.87,1.41,0,14.5
2021-05-29,13.83,84.89,1.1,1.81,11.72
2021-05-30,12.89,92.24,1.7,4.5,11.62
2021-05-31,12.32,91.44,2.08,0.06,13.47
2021-06-01,13.05,88.53,1.95,0,11.88
2021-06-02,13.47,87.75,1.72,0.22,10.44
2021-06-03,12.95,89.6,2.41,0.57,14.43
2021-06-04,11.92,87.27,2.33,2.58,14.09
2021-06-05,12.36,85.33,2.07,0.02,11.76
2021-06-06,12.26,89.8,1.91,2.34,8.92
2021-06-07,11.78,91.91,1.81,4.14,9.12
2021-06-08,11.96,89.34,1.89,1.37,12.42
2021-06-09,12.29,83.52,1.47,2.29,13.57
2021-06-10,12.77,78.87,1.36,0.03,16.97
2021-06-11,12.32,86.45,2.17,2.89,12.52
2021-06-12,12.39,90.77,2.28,7.13,14.18
2021-06-13,12.55,91.42,1.7,16.09,13
2021-06-14,12.53,88.74,1.81,1.51,11.09
2021-06-15,11.99,91.11,1.76,2.56,9.81
2021-06-16,11.63,91.16,1.71,2.34,11.12
2021-06-17,11.44,89.37,2.5,0.99,9.08
2021-06-18,11.01,90.82,3.22,1.36,8.85
2021-06-19,11.48,91.28,3.39,5.3,10.64
2021-06-20,10.17,92.42,2.67,5.62,10.76
2021-06-21,10.8,88.37,2.34,1.05,10.76
2021-06-22,11.02,89.06,2.22,0.71,9.82
2021-06-23,11.44,86.18,1.99,0.38,14.62
2021-06-24,11.62,76.45,1.61,6.9,10.34
2021-06-25,11.66,80.59,1.72,5.43,15.24
2021-06-26,11.64,88.34,2.01,2.09,9.23
2021-06-27,10.74,86.13,1.69,0.26,14.35
2021-06-28,11.01,88.92,2.66,0.09,15.32
2021-06-29,10.78,88.85,3.21,2.84,14.97
2021-06-30,10.11,91.94,3.77,10.11,11.02
2021-07-01,10.04,90.21,2.63,0.45,14.92
2021-07-02,10.27,87.6,2.58,0.01,11.62
2021-07-03,10.18,86.81,2.98,0.01,11.87
2021-07-04,10.12,86.86,3.03,0.02,12.52
2021-07-05,9.45,79.59,2.75,0,12.12
2021-07-06,9.62,80.89,2.55,0,12.51
2021-07-07,10.81,87.93,2.48,0.01,10.63
2021-07-08,11.23,90.25,2.47,1.42,13.62
2021-07-09,11.08,91.17,2.53,11.93,12.5
2021-07-10,10.75,90.14,2.89,3.37,10.42
2021-07-11,10.81,89.6,3.32,0.46,9.46
2021-07-12,10.39,91.1,2.81,0.45,8.99
2021-07-13,11.26,88.74,2.64,0.06,16.42
2021-07-14,11.49,87.23,2.52,0,10.31
2021-07-15,12.47,88.58,2.19,1.11,15.19
2021-07-16,12.37,89.94,2.19,2.26,13.44
2021-07-17,12.15,88.89,2.29,2.5,13.97
2021-07-18,11.45,92.04,3.1,2.37,12.3
2021-07-19,11.69,91.84,4.71,4.97,10.4
2021-07-20,11.64,91.51,3.94,3.03,10.44
2021-07-21,11.54,88.57,4.29,0.1,18.46
2021-07-22,10.96,89.04,4.08,0.28,17.2
2021-07-23,10.79,85.12,3.26,0.01,14
2021-07-24,11.14,71.84,2,0.02,11.43
2021-07-25,10.82,80.1,1.94,0.83,13.04
2021-07-26,11.64,85.66,2.19,0.23,10.66
2021-07-27,11.63,84.94,2.12,0.02,12.54
2021-07-28,12.1,87.51,2.47,0.02,13.17
2021-07-29,12.39,88.04,3.06,0.01,11.49
2021-07-30,12.32,86.55,3.7,0,13.98
2021-07-31,11.81,85.87,3.09,0,12.31
2021-08-01,10.88,88.83,3.63,0.24,15.54
2021-08-02,9.85,89.69,3.61,0.76,11.18
2021-08-03,10.49,86.42,3.71,0.1,17.67
2021-08-04,9.92,83.3,3.65,0,12.13
2021-08-05,10.3,83.83,3.16,0,14.18
2021-08-06,11.1,80,2.62,0,15.47
2021-08-07,12.04,81.35,2.23,0,12.59
2021-08-08,12.89,83.19,1.98,0,14.41
2021-08-09,12.64,86.74,2.42,0.82,10.53
2021-08-10,12.27,88.98,3.01,3.65,12.74
2021-08-11,10.97,86.27,3.16,1.45,11.37
2021-08-12,11.86,88.2,2.84,2.93,11.81
2021-08-13,12.01,85.07,2.06,1.31,10.98
2021-08-14,11.61,82.33,2.34,0.02,10.54
2021-08-15,11.28,85.47,2.25,0.03,11.98
2021-08-16,12,83.19,2.51,0.42,9.51
2021-08-17,12.31,85.04,2.64,0.69,9.26
2021-08-18,12.29,83.66,2.63,2.14,13.25
2021-08-19,12.91,84.1,2.59,0.42,10.65
2021-08-20,12.57,76.38,1.5,0,13.98
2021-08-21,12.03,80.24,2.58,0.01,11.4
2021-08-22,11.81,79.49,2.73,0.12,12.43
2021-08-23,13.36,77.75,1.92,0,13.85
2021-08-24,13.95,79.93,1.56,0.23,18.06
2021-08-25,14.23,82.74,2.08,0.01,14.4
2021-08-26,13.35,85.55,2.52,1.02,16.17
2021-08-27,12.64,79.59,2.34,0.99,9.85
2021-08-28,12.02,78.38,2.42,0.44,13.12
2021-08-29,12.32,78.25,2.64,0,10.6
2021-08-30,11.1,85.4,2.62,0.53,14.17
2021-08-31,12.38,79.14,2.67,0.74,16.23
2021-09-01,12.34,83.19,3.29,0.09,10.88
2021-09-02,12.8,81.65,2.51,0.5,17.14
2021-09-03,13.52,79.75,2.45,0.02,17.92
2021-09-04,13.69,78.48,2.43,0,14.41
2021-09-05,13.71,81.6,2.35,2.81,11.74
2021-09-06,12.24,81.26,2.31,5.94,8.63
2021-09-07,12.01,79.64,2.5,0.02,16.37
2021-09-08,13.27,85.81,2.3,1.93,15.69
2021-09-09,13.52,84.66,2.55,0.36,16.51
2021-09-10,12.83,78.2,2.66,0.01,11.52
2021-09-11,12.34,84.78,2.85,0.04,12.49
2021-09-12,12.06,86.36,2.89,3.75,14.22
2021-09-13,12.47,79.22,2.63,0.74,12.86
2021-09-14,13.3,63.78,2.11,0,16.9
2021-09-15,12.39,81.46,2.91,0,14.46
2021-09-16,10.95,76.52,3.71,0.39,13.42
2021-09-17,11.68,83.04,3.62,0.44,13.46
2021-09-18,11.94,81.58,2.7,0,12.66
2021-09-19,13.4,73.26,2.02,0.14,19.47
2021-09-20,13.3,79.35,2.44,0.27,12.48
2021-09-21,12.77,85.26,3.15,4.66,14.05
2021-09-22,10.86,85.12,3.21,3.97,15.02
2021-09-23,11.92,79.67,3.43,0.15,15.32
2021-09-24,11.91,84.69,4.23,0.09,13.86
2021-09-25,11.35,83.21,4.52,0.06,15.42
2021-09-26,12.09,81.41,3.4,0.5,15.27
2021-09-27,12.65,74.46,2.83,0.01,17.69
2021-09-28,13.32,69.64,2.53,0.26,19.25
2021-09-29,12.85,85.02,2.04,1.2,16.78
2021-09-30,13.78,83.63,2.34,0.34,18
2021-10-01,13.95,82.05,2.3,0.72,18.47
2021-10-02,14.52,81.37,2.15,0.09,13.84
2021-10-03,14.91,83.97,2.11,0.23,17.16
2021-10-04,14.21,85.11,2.38,3.89,14.51
2021-10-05,13.71,86.77,3.01,2.53,16.15
2021-10-06,14.03,86.28,3.29,3.16,11.16
2021-10-07,14.12,82.75,2.9,0.31,19.66
2021-10-08,14.2,77.18,2.45,0,19.67
2021-10-09,14.56,83.32,2.24,2.5,17.11
2021-10-10,13.96,87.15,1.98,8.58,8.56
2021-10-11,14.12,86.2,2.26,1.17,20.97
2021-10-12,13.49,87,2.76,1.69,16.06
2021-10-13,14.84,76.7,1.96,8.54,16.16
2021-10-14,15.48,77.31,1.64,1.61,14.67
2021-10-15,14.3,84.22,2.15,1.13,12.53
2021-10-16,13.7,79.45,2.36,0.38,17.53
2021-10-17,13.29,85.34,2.14,7.56,12.11
2021-10-18,13.71,79.2,2.19,5.35,11.79
2021-10-19,12.45,88.96,2.16,5.66,15.55
2021-10-20,12.06,86.44,1.85,6.68,13.26
2021-10-21,13.8,75.48,1.31,5.03,12.7
2021-10-22,14.17,81.75,1.71,5.64,14.14
2021-10-23,14.62,83.82,1.86,0.61,14.79
2021-10-24,14.92,80.05,1.75,0.78,16.77
2021-10-25,14,87.98,1.65,9.46,10.66
2021-10-26,13.79,86.95,1.54,3.11,9.98
2021-10-27,14.01,87.03,1.85,1.18,14.24
2021-10-28,13.55,89.58,2.49,11.75,17.32
2021-10-29,13.01,88.68,2.34,6.84,15.29
2021-10-30,13.57,87.07,1.89,6.19,15.39
2021-10-31,13.88,81.52,1.74,3.7,16.04
2021-11-01,13.88,85.72,1.72,3.88,12.9
2021-11-02,14.01,84.06,1.21,16.04,11.36
2021-11-03,14.01,88.36,1,11.28,11.58
2021-11-04,13.59,89.34,0.99,2.13,14.54
2021-11-05,13.74,87.85,2.08,0.13,16.51
2021-11-06,13.94,81.48,1.91,0.18,16.78
2021-11-07,13.57,85.62,2.39,2.77,13.25
2021-11-08,14.26,83.27,1.46,0.77,14.32
2021-11-09,14.4,86.4,1.15,0.82,14.89
2021-11-10,14.33,87.17,1.17,0.46,13.29
2021-11-11,14.14,88.54,1.25,0.89,13.98
2021-11-12,13.82,89.96,1.59,8.25,16.3
2021-11-13,13.89,81.05,1.43,0.21,12.25
2021-11-14,14,87.09,1.23,3.87,15.12
2021-11-15,14.84,88.06,1.35,2.99,13.38
2021-11-16,14.92,87.63,1.64,4.88,16.22
2021-11-17,14.9,85.29,1.35,1.16,16.58
2021-11-18,14.26,89.37,1.05,2.21,14.54
2021-11-19,13.25,88.35,1.09,0.37,14.5
2021-11-20,14.36,82.78,1.57,7.91,19.51
2021-11-21,12.93,88.5,1.69,8.8,13.49
2021-11-22,13.46,83.68,1.61,0.25,10.24
2021-11-23,13.56,90.46,1.66,29.12,12.38
2021-11-24,13.38,91.74,1.68,11.5,12.97
2021-11-25,13.57,90.4,1.6,8.17,14.94
2021-11-26,13.77,89.56,1.31,9.24,13.47
2021-11-27,13.92,86.33,1.57,1.61,13.2
2021-11-28,13.65,83.77,1.64,2.67,14.25
2021-11-29,12.83,90.03,1.29,8.84,14.44
2021-11-30,13.13,91.5,1.42,9.59,17.43
2021-12-01,13.62,89.04,1.58,10.82,12.39
2021-12-02,13.17,87.53,1.96,3.26,13.86
2021-12-03,13.04,90.4,1.6,3.36,15.12
2021-12-04,13.77,89.22,2.37,1.43,12.85
2021-12-05,13.71,91.85,3,4.09,13.17
2021-12-06,12.89,91.8,2.28,8.1,15.47
2021-12-07,12.7,91.75,2.53,2.69,14.61
2021-12-08,13.97,88.8,1.62,1.12,17.26
2021-12-09,15.24,88.81,1.67,0.42,9.74
2021-12-10,15.36,91.5,2.09,3.16,9.7
2021-12-11,14.65,90.59,1.03,0.97,9.32
2021-12-12,14.26,88.77,1.11,10.03,8.69
2021-12-13,13.51,90.53,1.14,11.44,12.77
2021-12-14,14.14,89.45,1.23,1.98,9.39
2021-12-15,14.14,89.99,1.21,3.34,12.71
2021-12-16,14.03,91.61,2.4,4.78,10.89
2021-12-17,13.72,90.6,2.22,5.31,12.86
2021-12-18,13.88,89.86,1.89,5.49,9.36
2021-12-19,14.56,89.74,1.55,3.17,10.11
2021-12-20,14.97,90.03,1.06,2.37,13.35
2021-12-21,15.25,88.44,1.44,0.35,16.77
2021-12-22,14.49,91.57,1.12,1.35,12.08
2021-12-23,14.32,88.35,1.49,0.57,12.75
2021-12-24,15.04,82.97,1.16,0.42,15.95
2021-12-25,14.99,88.7,1.23,3.4,19.74
2021-12-26,14.52,86.78,1.33,8.91,13.64
2021-12-27,14.93,80.66,1.42,0.38,11.62
2021-12-28,14.1,87.63,1.57,2.95,12.63
2021-12-29,13.53,90.19,2.02,10.06,12.81
2021-12-30,13.95,85.57,1.75,1.09,16.97
2021-12-31,13.7,89.71,1.76,0.59,14.27
2022-01-01,14.37,86.51,1.71,0.08,11.84
2022-01-02,14.51,88.29,1.77,1.69,10.43
2022-01-03,14.52,84.12,1.91,0.32,17.14
2022-01-04,14.85,77.89,1.22,0.11,17.36
2022-01-05,13.82,88.03,1.21,2.7,16.03
2022-01-06,12.9,77.8,1.74,0.59,17.15
2022-01-07,13.81,78.99,1.57,0,13.16
2022-01-08,14.52,84.68,1.13,0,14.76
2022-01-09,13.93,86.51,1.17,1.1,12.7
2022-01-10,13.8,82.08,1.23,2.15,15.05
2022-01-11,14.22,79.65,1.12,0.6,13.4
2022-01-12,14.12,77.13,1.16,0.58,7.68
2022-01-13,13.52,80.59,1.21,9.48,7.87
2022-01-14,13.57,86.31,2.06,2.24,13.16
2022-01-15,12.85,87.48,2.97,0.83,9.91
2022-01-16,12.18,87.08,2.46,1.06,14.27
2022-01-17,12.85,84.23,2.16,0.05,17.39
2022-01-18,13.77,82.81,2.07,0.55,9.97
2022-01-19,13.84,86.76,3.12,0.32,17.72
2022-01-20,12.88,88.35,3.64,1.34,15.5
2022-01-21,13.15,88.32,2.36,1.51,13.11
2022-01-22,14.33,84.36,1.84,2.88,12
2022-01-23,14.78,85.53,1.76,1.38,14.9
2022-01-24,14.64,86.25,1.96,0.41,11.86
2022-01-25,13.94,91.77,1.66,2.48,10.01
2022-01-26,13.41,88.29,1.35,4.95,14.03
2022-01-27,14.23,88.26,0.98,6.47,10.43
2022-01-28,13.81,85.32,0.89,2.43,11.67
2022-01-29,14.44,81.33,1.01,0.49,13.01
2022-01-30,14.29,83.04,1.12,2.88,11.21
2022-01-31,13.79,86.01,0.87,2.45,10.93
2022-02-01,13.27,89.35,1.47,2.59,15.65
2022-02-02,13.46,84.9,2.23,0.11,13
2022-02-03,13.71,86.82,2.06,0.29,17
2022-02-04,14.01,89.73,1.92,1.41,14.88
2022-02-05,14.33,88.16,1.26,7.83,14.87
2022-02-06,13.62,89.8,1.53,4.91,7.67
2022-02-07,13.16,89.46,2.4,1.46,13.01
2022-02-08,13.67,86.92,2.01,3.11,9.6
2022-02-09,14.1,86.31,1.82,0.25,12.2
2022-02-10,14.41,88.03,1.85,3.17,14.1
2022-02-11,14.29,86.92,1.58,3.35,16.92
2022-02-12,13.97,88,1.77,5.91,15.43
2022-02-13,13.42,87.75,1.83,7.77,11.77
2022-02-14,13.64,86.5,1.6,5.15,13.88
2022-02-15,13.83,88.65,1.92,4.38,12.43
2022-02-16,13.83,86.37,2.07,0.34,12.94
2022-02-17,14.05,86.97,1.86,0.18,12.18
2022-02-18,14.45,86.23,1.15,0.44,11.05
2022-02-19,14.42,87.76,1.05,0.7,13.42
2022-02-20,14.44,84.8,1.41,0.17,15.81
2022-02-21,14.1,85.94,1.62,1.76,13.89
2022-02-22,14.05,87.34,2.22,2.79,12.34
2022-02-23,13.95,87.59,2.12,8.71,12.43
2022-02-24,14.43,88,1.62,5.1,10.47
2022-02-25,14.35,88.54,2.15,2.12,13.43
2022-02-26,12.94,91.43,2.4,5.11,10.24
2022-02-27,12.77,88.79,1.68,6.88,10.9
2022-02-28,13.61,86.1,1.81,2.48,13.51
2022-03-01,14.09,86.67,1.98,8.56,14.87
2022-03-02,13.41,93.8,2.16,8.52,13.5
2022-03-03,13.06,91.98,1.47,5.53,15.98
2022-03-04,14.17,87.01,1.38,8.09,14.15
2022-03-05,14,90.82,0.84,6.27,18
2022-03-06,12.96,90.34,1,5.49,15.1
2022-03-07,13.85,84.42,0.79,0.86,16.98
2022-03-08,13.94,82.68,0.84,0.04,19.22
2022-03-09,14.12,84.4,1.05,3.13,18.16
2022-03-10,14.56,87.93,1.19,1.16,15.9
2022-03-11,13.93,92.36,0.83,0.32,14.52
2022-03-12,13.39,91.57,0.82,2.04,16.28
2022-03-13,13.6,88.71,0.97,16.94,17.91
2022-03-14,13.06,85.97,0.66,12.58,13.68
2022-03-15,13.51,90.17,1.23,4.92,19.05
2022-03-16,13.22,91.21,1.27,3.35,15.4
2022-03-17,13.68,88.06,1.03,5.08,14.86
2022-03-18,14.5,90.46,1.76,2,13.21
2022-03-19,14.08,89.34,1.69,1.33,14.46
2022-03-20,14.3,84.91,1.77,5.97,16.06
2022-03-21,12.91,90.27,1.65,3.25,15.27
2022-03-22,13.67,87.96,1.84,1.63,12.77
2022-03-23,14.22,89.41,2.1,1.68,12.26
2022-03-24,14.26,89.37,2.18,5.62,14.57
2022-03-25,13.61,90.09,1.93,0.84,14.07
2022-03-26,13.27,90.96,1.59,1.25,9.47
2022-03-27,13.15,90.85,1.96,2.9,14.18
2022-03-28,12.45,89.14,2.29,2.53,14.52
2022-03-29,12.97,91.16,1.74,8.42,13.04
2022-03-30,14.1,87.49,1.48,6.2,16.14
2022-03-31,14.08,89.66,1.41,7.59,15.75
2022-04-01,13.57,91.38,2.29,14.61,16.44
2022-04-02,12.94,91.14,2.4,10.54,11.1
2022-04-03,13.38,87.49,1.79,0.12,17.82
2022-04-04,13.42,89.57,2.1,6.3,17.02
2022-04-05,13.19,91.9,2.36,16.79,16.51
2022-04-06,13.3,90.27,2.68,0.24,13.7
2022-04-07,12.96,88.65,2.08,0.43,18.19
2022-04-08,13.18,90.78,1.95,3.67,15.7
2022-04-09,12.5,89.95,2.03,6.4,12.25
2022-04-10,12.9,89.33,1.89,2.25,13.81
2022-04-11,13.59,87.94,2.13,1.71,18.24
2022-04-12,13.65,84.71,2.38,0.54,15.14
2022-04-13,13.56,88.07,2.53,1.38,15.55
2022-04-14,13.43,91.27,3.11,1.06,12.6
2022-04-15,13.52,90.45,3.16,5.2,17.3
2022-04-16,14.29,90.31,2.5,1.04,15.19
2022-04-17,13.96,92.21,2.7,4.64,13.61
2022-04-18,13.11,92.42,2.5,10.45,15.63
2022-04-19,12.87,89.47,1.53,7.04,14.25
2022-04-20,12.94,90.82,1.28,9.73,9.79
2022-04-21,12.63,90.07,1.48,7.57,16.39
2022-04-22,13.53,85.78,0.81,1.3,16.96
2022-04-23,14.2,88.2,1.12,2.8,14.93
2022-04-24,13.72,89.99,1.7,2.05,15.86
2022-04-25,12.93,89.6,2.49,0.07,13.87
2022-04-26,12.76,89.11,2.17,1.27,12.2
2022-04-27,12.37,85.98,1.84,0.1,16.45
2022-04-28,13.02,90.22,2.18,1.62,10.68
2022-04-29,12.24,91.89,3.26,2.89,13.89
2022-04-30,10.74,90.73,3.76,4.17,14.66
2022-05-01,11.09,84.06,2.34,0.05,12.37
2022-05-02,12.09,84.37,1.98,1.65,16.05
2022-05-03,13.02,89.77,2,1.4,14.9
2022-05-04,13.53,91.73,2.49,2.47,12.51
2022-05-05,12.88,92.5,2.45,5.4,14.56
2022-05-06,12.52,91.12,2.07,4.11,13.41
2022-05-07,12.86,89.88,2.63,0.52,13.54
2022-05-08,12.83,89.94,2.92,1.13,14.89
2022-05-09,12.33,87.8,2.16,0.39,18.02
2022-05-10,12.72,89.95,2.15,4.97,6.99
2022-05-11,13.21,89.58,2.06,2.4,13.63
2022-05-12,13,91.63,2.58,2.23,12.05
2022-05-13,13.06,90.07,2.81,0.81,12.33
2022-05-14,12.82,91.08,2.42,9.72,8.76
2022-05-15,12.37,90.59,2.44,4.51,13.41
2022-05-16,12.75,92.33,2.64,3.66,11.38
2022-05-17,12.47,91.91,2.36,9.36,11.27
2022-05-18,12.37,93.28,2.44,6.63,9.85
2022-05-19,12.24,91.36,2.63,2,14.84
2022-05-20,12.19,89.83,2.33,0.14,10.67
2022-05-21,12.81,87.54,1.81,0.11,13.9
2022-05-22,13.83,88.07,1.51,1.06,15.2
2022-05-23,14.14,89.38,1.63,6.05,15.98
2022-05-24,13.22,88.63,2.35,1.22,15.08
2022-05-25,12.26,90.82,2.9,4.67,12.63
2022-05-26,11.89,89.85,3.59,4.75,9.75
2022-05-27,10.87,89.23,2.98,0.9,11.49
2022-05-28,11.39,88.6,2.18,0.87,12.17
2022-05-29,11.25,89.25,2.48,0.22,13.06
2022-05-30,11.23,85.68,1.98,0.7,13.89
2022-05-31,12.55,85.26,1.61,0.12,14.86
2022-06-01,12.9,89.35,1.25,3.09,15.88
2022-06-02,13.03,87.56,1.31,1.98,13.39
2022-06-03,12.08,90.21,1.48,2.9,8.16
2022-06-04,12.42,89.82,1.95,1.33,9.73
2022-06-05,12.17,88.25,1.9,0.01,12.93
2022-06-06,12.22,86.91,1.45,4.3,11.35
2022-06-07,12.65,90.2,1.39,4.87,8.36
2022-06-08,13.02,89.33,1.36,5.56,9.03
2022-06-09,13.32,90.19,1.5,5.87,10.21
2022-06-10,13.06,90.75,2.48,3.59,9.55
2022-06-11,12.01,91.58,3.35,5.27,10.11
2022-06-12,11.33,90.49,3.22,0.91,12.59
2022-06-13,10.93,89.68,3.24,0.29,8.57
2022-06-14,10.4,86.3,2.24,0.01,11
2022-06-15,10.96,85.4,2.01,0,19.27
2022-06-16,11.35,85.85,2.06,0,18.85
2022-06-17,12.5,84.52,1.56,0.44,13.43
2022-06-18,12.06,91,1.95,5.8,8.74
2022-06-19,12.11,91.97,2.75,9.15,15.8
2022-06-20,11.55,88.64,2.33,1.47,11.66
2022-06-21,11.69,90.37,2.14,1.76,8.92
2022-06-22,11.33,93.42,2.51,3.63,9.35
2022-06-23,11.99,91.24,3.16,3.72,12.16
2022-06-24,11.44,92.19,3.26,4.61,10.26
2022-06-25,9.9,89.59,3.04,3.88,16.52
2022-06-26,8.81,80.46,3.25,1.76,7.94
2022-06-27,10.74,74.45,1.92,0.08,10.65
2022-06-28,11.51,80.96,1.58,1.08,14.4
2022-06-29,10.9,87.46,2.14,1.09,14.28
2022-06-30,11.54,90.04,2.17,0.72,11.16
2022-07-01,12.14,88.82,2.21,1.64,12.71
2022-07-02,11.49,90.55,2.78,3.5,9.88
2022-07-03,10.6,93.77,3.55,15.75,7.95
2022-07-04,11.44,92.09,4.5,7.9,9.31
2022-07-05,10.52,91.67,3.73,2.25,11.79
2022-07-06,10.42,91.46,3.46,1.58,10.74
2022-07-07,10.76,90.29,3.16,0.77,11.65
2022-07-08,11,91.4,3.42,0.82,10
2022-07-09,11.5,93.07,3.44,3.37,12.21
2022-07-10,11.11,91.18,2.48,2.78,10.46
2022-07-11,11.89,87.15,2,0.65,9.98
2022-07-12,11.66,87.98,2.13,1.44,8.95
2022-07-13,12.08,89,2.51,1.18,10.32
2022-07-14,12.26,82.74,1.92,0.21,12.64
2022-07-15,13.37,79.53,1.55,1.86,11.2
2022-07-16,13.2,89.05,1.93,4.7,12.32
2022-07-17,11.48,89.59,3.13,2.72,12.01
2022-07-18,10.99,86.85,3.58,1.37,11.36
2022-07-19,11.42,91.66,3.4,2.8,14.03
2022-07-20,11.08,86.08,3.53,0.7,13.54
2022-07-21,10.73,77.53,2.46,0.33,10.29
2022-07-22,11.75,83.8,2.22,0.24,9.02
2022-07-23,12.43,89.07,1.9,3.44,9.89
2022-07-24,12.68,89.94,1.58,6.8,11.98
2022-07-25,12.21,87.89,1.96,4.51,13.76
2022-07-26,11.94,91.95,2.37,9.96,11.43
2022-07-27,11,90.32,2.46,2.05,15.09
2022-07-28,11.58,85.55,2.1,1.48,14.9
2022-07-29,11.2,86.43,2.43,2.16,11.22
2022-07-30,12.07,87.79,2.43,0.37,14
2022-07-31,12.69,86.28,2.04,0.01,11.11
2022-08-01,12.53,87.45,1.95,1.5,11.28
2022-08-02,12.5,88.84,2.3,2.18,9.9
2022-08-03,12,89.19,2.56,3.15,8.11
2022-08-04,11.46,89.27,2.5,2.11,11.23
2022-08-05,10.97,90.07,2.47,0.71,11.4
2022-08-06,11.57,87.3,2.52,0.35,11.18
2022-08-07,11.61,79,2.16,0.46,12.64
2022-08-08,11.58,85.28,2.29,1.81,9.66
2022-08-09,10.95,89.25,3.04,4.05,9.25
2022-08-10,11.44,89.02,3.8,5.33,10.7
2022-08-11,11.56,87.4,3.93,3.34,12.96
2022-08-12,11.4,83.38,2.79,0.06,14.94
2022-08-13,11.55,79.77,2.08,0,13.14
2022-08-14,10.27,72.31,1.78,0.26,14.5
2022-08-15,12.27,78,2.1,0.13,13.51
2022-08-16,12.61,80.74,1.98,0.17,15.89
2022-08-17,13.35,75.16,1.54,1.35,11.77
2022-08-18,13.91,80.27,1.89,0.09,17.16
2022-08-19,12.25,87.99,3.38,1.12,19.82
2022-08-20,10.43,89.24,3.86,4.06,14.71
2022-08-21,10.19,86.89,2.71,1.49,12.56
2022-08-22,10.69,87.93,2.62,0.7,10.4
2022-08-23,11.76,85.42,3.05,0,13.73
2022-08-24,11.62,83.86,3.12,0,11.95
2022-08-25,11.17,82.58,2.65,0.01,12.9
2022-08-26,11.52,71.62,2.22,0,10.78
2022-08-27,11.19,84.28,2.08,0.21,9.99
2022-08-28,12.02,85.08,2.94,0.54,13.32
2022-08-29,10.48,87.26,4.38,4.17,12.1
2022-08-30,11.12,89.43,3.62,1.35,9.13
2022-08-31,12.15,85.93,2.87,0.11,10.33
2022-09-01,13.26,82.15,1.96,0,18.35
2022-09-02,13.32,83.6,2.41,1.21,13.65
2022-09-03,12.01,86.9,3.23,1.99,10.82
2022-09-04,10.83,79.86,3.34,3.04,15.54
2022-09-05,11.08,85.71,3.59,1.54,11.98
2022-09-06,10.66,78.79,3.32,0.88,12.63
2022-09-07,11.72,75.46,2.4,0.31,9.89
2022-09-08,13.21,82.16,2.08,0,16.86
2022-09-09,12.45,65.81,2.45,0,18.63
2022-09-10,11.88,84.48,3.37,0.16,15.42
2022-09-11,12.76,80.8,2.83,0.01,15.27
2022-09-12,13.32,78.72,1.97,0.31,15.13
2022-09-13,13.75,68.86,1.29,1.3,19.03
2022-09-14,13.47,83.35,2.21,1.91,15.79
2022-09-15,12.8,83.25,2.57,3.39,15.97
2022-09-16,11.84,86.45,2.41,3.99,12.86
2022-09-17,12.41,83.65,2.19,0.45,18.84
2022-09-18,13.66,70.1,2.09,0,12.19
2022-09-19,13.27,70.46,1.74,0.03,15.46
2022-09-20,13.11,75.36,1.94,0.09,12.13
2022-09-21,13.47,69.14,2.29,0.12,18.12
2022-09-22,14.61,63.58,1.88,0.75,17.43
2022-09-23,13.83,79.65,2.65,0.59,10.98
2022-09-24,12.93,84.02,2.25,2.57,11.31
2022-09-25,12.88,80.41,1.95,10.91,16.23
2022-09-26,13.05,79.38,2.43,0.26,13.31
2022-09-27,12.88,79.08,2.51,0,19.24
2022-09-28,13.48,68.49,2.01,0.19,14.29
2022-09-29,13.87,69.9,1.68,1.6,15.78
2022-09-30,13.24,82.35,2.41,4.74,17
2022-10-01,11.79,85.58,3.54,4.14,18.05
2022-10-02,11.55,74.32,3.44,0.16,14.38
2022-10-03,12.21,73.62,2.79,0.52,14.28
2022-10-04,13.42,72.87,2.02,0.15,15.82
2022-10-05,14.85,76.39,1.4,0.31,21.81
2022-10-06,14.56,83.47,1.19,1.13,16.94
2022-10-07,13.43,84.78,1.89,2.95,13.93
2022-10-08,12.53,83.1,2.2,0.11,13.15
2022-10-09,12.77,79.64,2.68,0,14.39
2022-10-10,12.33,77.37,2.82,0.47,14.35
2022-10-11,12.88,76.59,2.5,0.64,18.91
2022-10-12,13.83,73.84,1.75,0.13,14.11
2022-10-13,14.68,78.33,1.27,0.13,16.82
2022-10-14,14.71,83.32,1.61,6.92,21.43
2022-10-15,13.18,89.92,2.52,4.45,10.82
2022-10-16,13.62,86.08,2.26,2.79,14.5
2022-10-17,14.04,84.17,1.88,0.93,11.94
2022-10-18,13.93,86.85,1.97,7.08,9.86
2022-10-19,13.55,87.69,1.59,4.23,11.13
2022-10-20,14.2,87.37,1.51,4.07,14.32
2022-10-21,14.69,85.98,1.2,1.61,12.27
2022-10-22,14.57,86.55,1.21,2.11,16.71
2022-10-23,13.97,87.28,1.92,9.21,11.62
2022-10-24,13.27,89.86,1.85,11.36,9.09
2022-10-25,13.85,85.22,1.81,7.19,11.94
2022-10-26,15.51,78.84,1.06,1.53,15.7
2022-10-27,14.93,81.15,1.28,0.05,16.18
2022-10-28,15.75,73.6,1.13,0.01,15.72
2022-10-29,15.96,70.87,1.08,0,16.68
2022-10-30,15.75,68.4,0.91,0.26,14.48
2022-10-31,15.36,68.54,1.46,1.4,17.29
2022-11-01,15.23,78.45,2.38,0.61,18.17
2022-11-02,12.42,88.07,4,1.62,10.2
2022-11-03,11.51,83.34,2.55,0.13,13.14
2022-11-04,13.33,76.73,1.93,0.05,17.88
2022-11-05,14.09,79,1.41,2.09,18.58
2022-11-06,14.56,84.58,2.09,0.27,14.15
2022-11-07,14.03,81.93,1.79,0.8,14.56
2022-11-08,14.39,82.14,1.5,2.13,14.76
2022-11-09,14.12,79.46,1.32,1.09,12.63
2022-11-10,14.07,81.27,1.04,0.89,15.52
2022-11-11,13.94,84.7,1.37,0.29,14.68
2022-11-12,15.22,75,1.16,0.67,14.91
2022-11-13,15.54,69.92,0.94,5.87,15.51
2022-11-14,14.65,82.23,1.59,5.55,14.52
2022-11-15,13.57,88.02,2.88,5.59,14.75
2022-11-16,13.08,87.65,2.82,4.71,18.97
2022-11-17,12.6,85.57,2.16,1.11,15.28
2022-11-18,13.57,82,2.38,0.07,18.63
2022-11-19,13.88,86.1,2.22,1.33,16.04
2022-11-20,14.42,85.12,1.75,1.45,20.68
2022-11-21,15.37,80.91,1.19,2.74,16.27
2022-11-22,13.96,81.45,1.01,3.39,17.41
2022-11-23,14.68,75.43,0.87,1.42,16.9
2022-11-24,14.76,81.97,1.54,0.87,19.56
2022-11-25,14.01,86.24,2.36,1.4,15.39
2022-11-26,13.47,86.67,2.45,1.1,13.57
2022-11-27,13.37,81.95,2.14,0.9,13.02
2022-11-28,14.09,71.62,1.35,0.21,14.6
2022-11-29,15.28,69.36,1.06,0.06,19.07
2022-11-30,14.5,74.15,1.15,0.83,15.9
2022-12-01,14.41,73.41,1.07,2.35,18.87
2022-12-02,13.94,78.67,0.98,5.21,18.05
2022-12-03,13.85,83.58,1.29,0.71,13.62
2022-12-04,15.33,68.9,1.46,0.9,15.22
2022-12-05,14.5,69.26,1.44,1.31,19.41
2022-12-06,13.86,83.14,1.79,2.99,13.26
2022-12-07,13.43,85.17,1.5,1.03,13.3
2022-12-08,13.7,82.27,1.52,0.1,17.56
2022-12-09,13.75,87.48,2.27,2.77,17.67
2022-12-10,12.71,87.17,2.4,3.19,15.23
2022-12-11,13.03,86.37,2.35,0.48,15.34
2022-12-12,13.19,81.05,1.56,0,19.82
2022-12-13,12.58,86.18,2.24,1.98,11
2022-12-14,12.33,86.18,2.32,3.67,13.15
2022-12-15,13.13,82.91,2.49,2.77,16.33
2022-12-16,13.68,84.92,1.95,1.83,17.17
2022-12-17,14.2,83.13,1.76,0.39,18.07
2022-12-18,13.95,84.84,1.13,12.69,17.2
2022-12-19,14.17,84.62,1.98,3.26,14.06
2022-12-20,13.42,86.31,2.22,0.02,11.04
2022-12-21,13.74,82.57,1.99,0.05,16.28
2022-12-22,14.11,84.91,2.14,1.26,14.94
2022-12-23,14.45,81.79,1.64,1.1,18.94
2022-12-24,15.25,81.19,1.34,0.51,17.14
2022-12-25,15.06,84.8,1.66,2.25,9.22
2022-12-26,13.48,82.85,2.03,3.27,11.36
2022-12-27,13.92,74.39,1.3,2.12,14.98
2022-12-28,14.92,74.78,1.48,0.42,15.99
2022-12-29,14.49,82.09,1.47,0.29,14.18
2022-12-30,13.91,89.34,1.59,13.07,14.25
2022-12-31,13.4,85.7,1.12,4.25,8.4
2023-01-01,13.02,81.23,0.98,1.98,16.92
2023-01-02,13.21,76.84,1.18,3.08,9.35
2023-01-03,14.38,75.1,1.14,0.9,14.63
2023-01-04,14.36,83.47,1.32,1.23,16.26
2023-01-05,13.73,88.85,1.27,2.22,13.14
2023-01-06,13.71,85.41,1.19,0.95,17.01
2023-01-07,13.39,86.13,1.52,0.38,12.24
2023-01-08,14.04,84.91,1.54,5.41,13.14
2023-01-09,13.3,87.69,1.17,5.11,15.94
2023-01-10,13.42,88.48,1.25,11.78,16.6
2023-01-11,12.95,89.14,1.57,3.29,14.4
2023-01-12,13.12,88.38,1.37,6.65,17.25
2023-01-13,14.03,87.12,1.25,4.14,18.6
2023-01-14,14.28,87.31,1.24,7.81,16.45
2023-01-15,13.59,90.11,1.44,13.13,12.2
2023-01-16,13.17,89.35,1.06,3.07,13.66
2023-01-17,13.44,88.42,1.4,1.74,11
2023-01-18,13.74,87.63,1.72,3.02,16.58
2023-01-19,12.97,91.83,1.61,9.62,12.32
2023-01-20,12.16,89.86,1.5,6.43,16.14
2023-01-21,12.88,87.26,1.33,0.99,13.34
2023-01-22,13.31,85.51,2.03,0.39,16.75
2023-01-23,12.22,88.46,2.91,2,15.3
2023-01-24,12.19,85.73,2.84,2.12,13.61
2023-01-25,13.51,81,2.07,0.06,16.98
2023-01-26,14.36,82.77,1.54,0.38,17.59
2023-01-27,14.85,84.89,1.3,0.15,15.52
2023-01-28,14.17,84.71,2.14,0.03,16.08
2023-01-29,13.83,80.47,1.9,0.35,15.21
2023-01-30,14.58,83.06,1.49,1.13,13.88
2023-01-31,14.12,86.58,1.35,0.46,12.44
2023-02-01,13.96,88.57,1.39,4.47,14.45
2023-02-02,14.36,85.74,2.32,1.15,13.11
2023-02-03,13.73,82.21,2.09,0.05,14.27
2023-02-04,13.86,83.85,2.52,0.71,12.24
2023-02-05,13.09,85.78,2.64,0.63,12.81
2023-02-06,13.06,83.42,2.64,3.09,13.2
2023-02-07,13.59,85.45,2.7,1.31,15.67
2023-02-08,13.39,86.74,2.46,0.71,14.34
2023-02-09,13.91,82.3,2.21,4.29,16.51
2023-02-10,13.67,85.15,2.6,1.34,17.06
2023-02-11,13.47,87.24,2.5,1.35,10.27
2023-02-12,13.26,88.97,2.24,1.12,14.14
2023-02-13,14.2,86.25,2.23,1.1,10.86
2023-02-14,14.04,88.15,1.69,1.35,13.04
2023-02-15,13.78,86.31,1.86,0.78,12.66
2023-02-16,14.43,86.16,1.5,1.62,18.2
2023-02-17,14.27,90.35,1.18,1.07,15.65
2023-02-18,13.89,88.66,1.39,3.45,13.76
2023-02-19,14.21,79.66,1.54,0.76,16.94
2023-02-20,13.87,85.53,1.34,4.61,12.84
2023-02-21,13.87,86.64,1.08,8.48,12.85
2023-02-22,13.54,90.18,1.89,4.16,15.63
2023-02-23,13.11,87.04,1.87,0.68,16.69
2023-02-24,13.73,82.03,2.14,1.25,17.05
2023-02-25,14.11,82.39,1.7,1.37,12.42
2023-02-26,14.44,85.12,1.82,1.51,14.09
2023-02-27,13.78,87.57,2.89,1.97,15.22
2023-02-28,12.73,88.3,3.24,1.14,12.94
2023-03-01,13.54,86.83,2.85,2.34,14.45
2023-03-02,14.12,88.11,2.36,4.62,12.3
2023-03-03,14.06,87.4,2.37,2.09,14.98
2023-03-04,14.15,89.76,3.03,10.11,15.9
2023-03-05,14,88.38,2.78,6.01,13.58
2023-03-06,13.96,88.16,2.19,8.53,14.91
2023-03-07,14.4,87.28,1.1,8.01,15.26
2023-03-08,14.83,89.3,0.96,6.73,16.19
2023-03-09,14.27,83.94,1.06,5.28,13.94
2023-03-10,13.6,91.86,0.91,6.12,14.23
2023-03-11,14.05,87.37,1.02,3.96,16.1
2023-03-12,13.76,89.82,0.86,6.66,16.03
2023-03-13,13.68,91.01,0.77,4.36,16.99
2023-03-14,13.13,89.87,0.5,9.72,11.9
2023-03-15,14.6,83.9,0.87,1.65,18.86
2023-03-16,14.88,80.9,1.17,0.81,19.55
2023-03-17,14.78,75.04,1.03,1.27,18.87
2023-03-18,14.13,80.1,0.93,0.4,19.92
2023-03-19,13.85,88.1,0.85,0.06,14.25
2023-03-20,14.86,80.38,0.82,0.59,19.24
2023-03-21,14.64,86.93,1.02,1.34,18.1
2023-03-22,14.32,88.05,0.94,0.51,16.9
2023-03-23,13.66,88.63,0.63,4.42,12.23
2023-03-24,13.3,92.53,1.13,13.18,13.43
2023-03-25,13.81,89.51,1.57,2.88,17.61
2023-03-26,13.1,89.71,2.35,6.42,14.28
2023-03-27,13.08,89.41,2.24,1.52,13.85
2023-03-28,12.68,90.27,1.73,7.87,15.25
2023-03-29,13.6,88.69,1.79,2.92,16.13
2023-03-30,13.14,89.96,2.09,1.79,13.37
2023-03-31,12.43,91.95,2.74,4.66,12.21
2023-04-01,12.88,88.47,2.61,1.05,17.17
2023-04-02,12.93,88.43,2.18,5.16,16.46
2023-04-03,13.83,87.32,2.11,3.9,18.69
2023-04-04,14,88.57,1.76,1.98,16.13
2023-04-05,13.52,91.74,1.11,4.66,14.65
2023-04-06,13.88,90.79,0.63,5.39,9.26
2023-04-07,14.19,87.55,0.91,2.74,15.59
2023-04-08,12.97,91.13,1.2,18.31,16.62
2023-04-09,12.81,89.98,2.31,6.41,13.31
2023-04-10,12.26,90.59,2.02,2.6,14.51
2023-04-11,12.88,90.27,1.79,7.74,15.15
2023-04-12,13.65,88.11,1.91,1.37,15.34
2023-04-13,13.92,88.95,1.91,1.88,15.76
2023-04-14,13.58,89.1,1.68,2.86,13.79
2023-04-15,13.97,87,1.97,8.72,16.45
2023-04-16,13.87,87.63,1.36,10.11,13.27
2023-04-17,13.64,92.31,1.05,3.83,10.35
2023-04-18,14.24,84.64,0.67,2.16,17.36
2023-04-19,13.98,92.08,1.59,13.16,14.25
2023-04-20,14.08,88.9,1.41,4.83,14.28
2023-04-21,13.65,90.81,1.38,8.32,16.21
2023-04-22,14.9,82.06,1.15,3.73,12.74
2023-04-23,13.28,92.72,1.39,11.59,12.95
2023-04-24,13.54,84.57,1.56,10.82,17.69
2023-04-25,13.47,87.14,1.54,7.94,13.61
2023-04-26,13.13,88.68,1.38,10.74,17.17
2023-04-27,13.25,91.66,2.13,12.59,17.18
2023-04-28,12.99,90.33,2.01,1.09,14.62
2023-04-29,13.17,92.08,2.07,5.04,15.46
2023-04-30,13.17,90.56,2.05,1.69,16.17
2023-05-01,12.24,89.88,2.24,2.06,16.06
2023-05-02,12.56,89.17,2.53,2.94,16.89
2023-05-03,12.75,90.49,2.72,0.76,13.5
2023-05-04,12.7,90.77,2.71,0.23,15.91
2023-05-05,13.55,90.34,2.91,0.22,12.41
2023-05-06,13.38,90.87,2.94,0.06,15.53
2023-05-07,12.79,85.25,2.19,0.04,13.71
2023-05-08,12.79,89.44,2.5,0.56,18.52
2023-05-09,13,92.47,3.45,4.91,9.04
2023-05-10,12.68,90.61,2.34,6.06,12.85
2023-05-11,12.77,88.78,1.86,4.8,13.89
2023-05-12,13.18,90.02,1.96,6.38,13.61
2023-05-13,13.01,92.46,2.71,10.05,12.36
2023-05-14,12.91,91.74,2.66,1.7,14.7
2023-05-15,13.4,89.96,2.36,1.77,13.16
2023-05-16,14.01,89.02,1.98,0.85,16.43
2023-05-17,14.26,89.22,1.9,0.38,14.48
2023-05-18,14.33,89.5,2.37,1.08,14.45
2023-05-19,13.89,90.62,1.66,6,16.85
2023-05-20,14.43,91.03,1.75,9.84,13.84
2023-05-21,15.04,84.24,1.4,2.03,11.47
2023-05-22,14.9,88.62,1.33,3.56,14.37
2023-05-23,13.96,91.2,1.58,8.74,9.84
2023-05-24,13.87,92.11,1.83,0.5,11.52
2023-05-25,13.81,89.61,1.33,1.65,11.07
2023-05-26,13.25,89.72,1.82,1.5,14.67
2023-05-27,13.28,89.71,1.79,4.32,9.26
2023-05-28,12.74,90.67,1.98,5.72,10.69
2023-05-29,13.09,88.58,1.98,1.58,14.75
2023-05-30,12.76,85.98,1.97,1.23,15.32
2023-05-31,12.26,92.16,2.96,6.18,10.36
2023-06-01,12.21,91.92,2.92,2.57,12.47
2023-06-02,11.53,89.59,2.54,1.32,15.96
2023-06-03,11.99,87.94,2.1,1.99,14.69
2023-06-04,11.52,89.76,2.15,2.21,14.78
2023-06-05,11.58,88.33,2.72,0.57,14.95
2023-06-06,11.35,90.45,2.56,1.08,9.48
2023-06-07,11.61,90.93,2.38,3.01,13.38
2023-06-08,11.78,89.63,2.22,1.14,14.02
2023-06-09,12.53,88.01,1.94,0.46,12.77
2023-06-10,12.44,86.37,1.89,4.45,12.92
2023-06-11,12.6,88.94,2.21,0.69,12.64
2023-06-12,12.16,82.31,2.17,0.21,16.23
2023-06-13,11.75,85.72,2.35,1.33,11.14
2023-06-14,11.83,91.08,3.3,3.15,12.36
2023-06-15,11.19,92.3,3.63,3.56,10.09
2023-06-16,10.91,91.23,3.72,0.49,11.83
2023-06-17,10.08,90.26,3.07,2.58,17.43
2023-06-18,10.65,89.63,3.3,0.45,15.42
2023-06-19,10.89,87.07,2.99,0.02,15.7
2023-06-20,11.83,88.62,3.02,0.07,12.24
2023-06-21,12.38,89.43,2.98,0.38,9.55
2023-06-22,12.79,89.69,2.27,3.66,14.11
2023-06-23,12.73,89.38,2.18,1.59,14.96
2023-06-24,12.06,87.2,2.05,2.85,11.99
2023-06-25,11.66,87.1,2.26,3.47,12.03
2023-06-26,11.16,87.94,2.57,1.34,14.34
2023-06-27,11.26,86.89,2.38,0.32,10.89
2023-06-28,11.71,87.41,2.51,0.36,14.63
2023-06-29,11.51,90.54,3.42,1.82,8.19
2023-06-30,11.36,89.45,3.2,2.54,15.49
2023-07-01,11.94,86.72,2.57,0.37,13.34
2023-07-02,12.25,88,2.15,7.81,12.34
2023-07-03,12.12,85.48,1.71,0.7,10.6
2023-07-04,13.63,83.06,1.62,0.28,12.59
2023-07-05,13.4,86.8,1.78,1.28,13.21
2023-07-06,13.64,87.55,2.05,1.22,14.97
2023-07-07,13.08,89.54,1.91,7.44,10.36
2023-07-08,11.99,90.81,2.06,5.6,13.88
2023-07-09,11.93,88.99,2.69,2.88,14.63
2023-07-10,11.89,86.23,2.5,1.35,12.03
2023-07-11,12.19,88.33,2.54,0.53,12.03
2023-07-12,12.57,86.08,2.36,0.01,15.81
2023-07-13,12.52,84.52,2.39,4.42,15.15
2023-07-14,12.56,84.91,2.32,0.54,8.01
2023-07-15,12.51,87.83,2.66,3.28,11.29
2023-07-16,12.39,88.35,2.95,0.91,11.5
2023-07-17,12.02,89.29,3.31,3.92,13.12
2023-07-18,10.78,82.91,3.51,1.12,16.2
2023-07-19,11.33,90.08,4.45,1.44,13.34
2023-07-20,10.79,89.27,4,1.64,12.81
2023-07-21,11.18,88.94,3.45,0.62,18.8
2023-07-22,11.94,87,3.02,0.05,10.65
2023-07-23,12.02,85.19,2.71,0.05,14.26
2023-07-24,11.55,83.75,2.59,0.13,15.66
2023-07-25,12.67,84.89,2.11,0,17.19
2023-07-26,14.02,75.5,1.34,3.17,18.78
2023-07-27,13.09,86.18,1.99,3.2,10.59
2023-07-28,12.39,88.59,2.82,0.44,13.57
2023-07-29,12.59,89.6,3.58,1.04,16.75
2023-07-30,11.22,81.87,3.14,0.32,17.67
2023-07-31,11.16,85.75,3.21,1.77,15.96
2023-08-01,11.37,87.84,3.82,0.76,15.03
2023-08-02,10.88,82.69,3.2,0.06,12.89
2023-08-03,11.07,78.57,2.56,0.65,18.57
2023-08-04,10.7,86.15,2.54,37.15,16.66
2023-08-05,11.23,87.43,2.64,21.79,15.66
2023-08-06,11.18,83.02,2.43,1.46,15.29
2023-08-07,11.9,81.81,2.78,0.12,12.92
2023-08-08,11.89,88.82,3.48,1.86,14.64
2023-08-09,12.56,85.79,3.08,0.85,11.19
2023-08-10,12.8,83.93,2.53,0.04,14.61
2023-08-11,11.9,80.92,2.2,1.3,14.62
2023-08-12,12.22,80.77,2.1,2.82,14.11
2023-08-13,11.98,87.84,2.44,2.76,15.77
2023-08-14,11.49,89.28,2.68,2.73,13.31
2023-08-15,12.34,89.52,2.48,4.11,10.71
2023-08-16,13.53,82.95,1.73,0.41,17.24
2023-08-17,13.53,83.83,1.98,0.27,17.13
2023-08-18,13.75,74.63,1.65,0.02,11.94
2023-08-19,14.3,77.75,1.58,6.22,18.38
2023-08-20,14.21,83.82,1.36,9.17,11.76
2023-08-21,13.84,87.59,1.54,7.76,10.33
2023-08-22,13.44,88.11,2.14,4.27,12.46
2023-08-23,12.83,81.42,2.19,0.49,15.21
2023-08-24,12.62,76.5,1.94,0,18.91
2023-08-25,13.77,73.51,2.05,0,12.14
2023-08-26,12.77,75.83,1.84,0,15.47
2023-08-27,12.81,80.67,2.53,2.49,15.58
2023-08-28,12.01,88.67,3.42,4.49,12.25
2023-08-29,12.82,83.16,2.62,0.38,20.35
2023-08-30,13.02,79.44,2.38,0.1,13.52
2023-08-31,12.53,84.14,2.18,0.3,16.89
2023-09-01,13.63,85.46,2.39,0.01,20.69
2023-09-02,14.27,77.34,1.59,0.14,17.5
2023-09-03,15.13,74.48,1.35,3.45,18.17
2023-09-04,13.19,84.5,2.62,1.54,15.41
2023-09-05,12.21,84.5,3.71,1.51,10.32
2023-09-06,12.76,81.62,3.33,0.2,16.65
2023-09-07,12.81,68.1,2.2,0,19.33
2023-09-08,13.31,64.32,1.97,0.03,15.96
2023-09-09,13.2,75.05,2.33,0.23,21.21
2023-09-10,11.95,87.17,3.01,2.38,14.8
2023-09-11,13.26,78.5,2.79,0.8,14.41
2023-09-12,13.8,76.88,2.27,0.05,17.83
2023-09-13,14.33,72.54,1.72,0.98,22.08
2023-09-14,13.01,84.38,2.78,1.24,11.89
2023-09-15,12.27,79.66,3.09,1.21,13.99
2023-09-16,12.51,71.26,2.62,0.41,15.02
2023-09-17,13.29,71.7,2.41,0.05,21.69
2023-09-18,13.12,81.77,2.66,0.01,14.96
2023-09-19,13.08,83.36,3.39,0.21,14.24
2023-09-20,12.82,77.98,2.95,0.29,15.08
2023-09-21,13.34,75.45,3.03,0.38,14.56
2023-09-22,13.43,82.07,2.89,0.04,21.13
2023-09-23,13.66,81.39,2.77,0,17.93
2023-09-24,13.74,81.51,2.71,0.44,13.22
2023-09-25,13.67,82.23,2.4,0.67,19.18
2023-09-26,14.96,76.64,1.98,0.05,20.17
2023-09-27,15.92,76.55,1.67,0.81,20.97
2023-09-28,15.37,81.55,1.73,3.58,21.4
2023-09-29,14.99,84.42,2.3,3.55,18.34
2023-09-30,13.64,87.21,2.58,3.66,17.02
2023-10-01,13.44,81.6,2.44,1.08,14.39
2023-10-02,15.53,72.27,1.88,0.13,17.83
2023-10-03,16.22,80.17,1.76,1.08,17.06
2023-10-04,15.66,82.95,1.51,0.34,20.54
2023-10-05,15.62,79.51,1.67,0.06,14.27
2023-10-06,15.19,74.28,1.51,0,16.95
2023-10-07,15.94,74.45,1.51,0.56,17.1
2023-10-08,15.06,85.61,1.9,2.17,16.11
2023-10-09,14.45,83.98,1.82,1.39,13.47
2023-10-10,13.78,87.43,2.35,9.06,13.79
2023-10-11,14.52,80.02,2.26,1.42,17.4
2023-10-12,14.53,76.09,1.96,0.63,14.69
2023-10-13,13.94,82.28,2.29,2.53,15.11
2023-10-14,13.51,83.89,2.35,11.91,14.61
2023-10-15,13.23,83.01,2.5,4.9,15.1
2023-10-16,13.49,77.75,2.22,0.61,13.56
2023-10-17,14.06,79.05,2.34,1.05,16.16
2023-10-18,13.53,82.05,2.18,1.23,17.65
2023-10-19,13.48,83.59,2.5,0.56,17.84
2023-10-20,12.82,80.63,2.24,1.26,12.61
2023-10-21,14.03,78.41,2.16,0.7,13.5
2023-10-22,14.28,81.45,2.16,0.59,10.41
2023-10-23,14.11,83.4,1.7,0.05,15.67
2023-10-24,15.24,79.6,1.61,0.02,12.41
2023-10-25,15.35,79.14,1.63,2.71,12.15
2023-10-26,15.79,79.45,1.35,0.5,13.52
2023-10-27,14.92,82.37,1.04,0.69,9.46
2023-10-28,14.57,81.46,1.12,1.94,11.87
2023-10-29,13.99,84.07,1.02,2.27,10.65
2023-10-30,15.05,85.89,1.08,3.86,18.51
2023-10-31,14.64,85.73,1.08,2.27,11.94
2023-11-01,14.77,81.86,1.02,0.62,13.15
2023-11-02,15.68,76.47,1.02,0.17,13.2
2023-11-03,15.88,80.98,1.42,2.63,17.05
2023-11-04,15.01,82.54,2.31,2.45,15.95
2023-11-05,14.35,85.21,2.15,7.62,12.03
2023-11-06,14.07,87.64,2.21,0.86,14
2023-11-07,13.83,84.08,2.38,0.32,17.66
2023-11-08,13.89,82.34,2.47,2.66,12.96
2023-11-09,14.53,85.36,2.95,2.34,13.05
2023-11-10,14.41,84.4,2.58,0.03,18.73
2023-11-11,14.54,83.36,2.34,0,11.28
2023-11-12,14.97,84.55,2.38,2.16,14.17
2023-11-13,15.4,84.2,2.41,0.51,14.03
2023-11-14,14.92,83.84,1.94,0.55,13.14
2023-11-15,14.68,86.51,1.93,7.78,10.07
2023-11-16,14.28,82.11,1.65,0.46,13.88
2023-11-17,16.19,75.72,1.47,0.61,15.13
2023-11-18,15.99,81.63,1.31,0.39,14.1
2023-11-19,16.03,82.9,1.3,6.09,16.48
2023-11-20,14.85,80.7,1.34,1.81,15.71
2023-11-21,15.1,75.5,0.89,0,14.53
2023-11-22,15.65,78.72,0.64,0.07,18.11
2023-11-23,14.94,86.22,1.02,6.84,13.89
2023-11-24,13.54,86.33,1.67,3.21,16.27
2023-11-25,13.95,81.99,1.79,11.01,16.71
2023-11-26,12.77,88.62,1.99,4.38,14.22
2023-11-27,13.48,87.12,2.76,2.4,15.56
2023-11-28,13.96,85.67,2.72,0.81,15.85
2023-11-29,14.14,82.07,2.23,0.9,14.89
2023-11-30,14.34,84.64,2.31,2.92,14.86
2023-12-01,13.77,87.42,2.64,0.7,11.51
2023-12-02,14.7,84.26,2.25,0.04,15.51
2023-12-03,15.02,83.12,1.7,0.84,14.47
2023-12-04,15.37,85.65,2.46,0.73,16.87
2023-12-05,14.71,88.69,3.18,3.23,10.47
2023-12-06,14.21,86.78,2.44,2.8,12.15
2023-12-07,14.08,86.56,2.23,0.98,13.8
2023-12-08,13,87.75,3.13,0.83,15.45
2023-12-09,14.05,83.98,3.1,0.1,10.69
2023-12-10,14.25,86.98,2.54,8.17,17.55
2023-12-11,13.91,86.2,2.48,3.22,16.73
2023-12-12,14.66,86.92,2.6,1.27,13.33
2023-12-13,15.17,86.43,2.36,0.89,17.32
2023-12-14,15.6,85.72,1.78,2.07,15.23
2023-12-15,15.61,88.91,1.96,6.73,11.97
2023-12-16,15.03,87.94,1.97,3.78,11.75
2023-12-17,14.91,87.16,1.69,5.78,10.15
2023-12-18,15.79,87.46,1.33,3.79,12.45
2023-12-19,15.23,90.83,0.9,4.98,14.07
2023-12-20,15.49,85.41,1.3,1.95,16.78
2023-12-21,15.88,84.79,1.96,1.31,18.97
2023-12-22,14.75,87.35,2.17,3.04,10.29
2023-12-23,14.71,90.33,1.69,8.6,10.09
2023-12-24,15.39,85.18,2.01,0.53,18.48
2023-12-25,14.71,91.19,1.62,1.94,12.67
2023-12-26,14.7,89.15,1.67,16.66,13.89
2023-12-27,14.28,89.05,1.76,11.12,10.12
2023-12-28,14.02,90.81,1.45,18.29,13.92
2023-12-29,14.9,86.83,1.22,1.23,16.52
2023-12-30,15.25,88.82,0.99,4.22,15.89
2023-12-31,14.83,89.94,1.07,0.5,13.96
2024-01-01,14.83,90.4,1.14,1.34,11.57
2024-01-02,15.67,83.6,0.94,0.56,11.09
2024-01-03,14.86,83.39,1.32,3.61,9.7
2024-01-04,15.24,82.82,1.35,2.01,13.55
2024-01-05,14.77,87.27,1.59,4.63,14.87
2024-01-06,14.42,86,1.77,1.64,12.23
2024-01-07,13.85,83.66,1.87,0.01,12.1
2024-01-08,14.4,89.01,2.28,0.83,14.01
2024-01-09,13.94,89.09,2.23,4.34,13.03
2024-01-10,14.89,86.47,2.24,2.63,13.54
2024-01-11,14.41,85.18,1.73,1.48,13.77
2024-01-12,14.52,85.05,1.4,1.14,16.12
2024-01-13,15.02,85.88,1.6,12.66,17.91
2024-01-14,14.8,84.52,1.95,2.24,12.76
2024-01-15,14.04,86.74,2.77,1.23,11.23
2024-01-16,13.61,89,3.57,0.82,12.47
2024-01-17,13.9,87.27,2.78,1.5,13.8
2024-01-18,13.86,89.29,3.19,0.48,14.58
2024-01-19,13.81,91.24,2.95,2.89,14.34
2024-01-20,13.61,90.94,2.82,3.23,10.91
2024-01-21,13.74,88.81,2.82,2.02,12.93
2024-01-22,14.08,87.72,3.23,0.14,14.88
2024-01-23,14.34,87.43,3.05,0.86,12.99
2024-01-24,14.16,81.88,2.45,0,11.52
2024-01-25,15.29,74.5,1.9,0,20.01
2024-01-26,15.62,78.39,1.73,0.01,16.69
2024-01-27,16.1,79.69,1.48,0.34,15.92
2024-01-28,15.92,84.16,1.79,0.14,13.64
2024-01-29,15.77,85.85,2.27,0.39,10.88
2024-01-30,15.53,87.3,1.5,1.03,13.28
2024-01-31,16.02,86.74,2.13,2.11,10.41
2024-02-01,15.76,85.82,2.06,2.27,13.53
2024-02-02,14.86,91.62,1.62,12.61,10.48
2024-02-03,15.28,85.81,1.62,16.89,17.56
2024-02-04,14.62,87.66,2.22,12.3,14.86
2024-02-05,14.33,89.03,2.38,4.82,13.16
2024-02-06,14.75,86.08,2.72,0.16,17.8
2024-02-07,14.75,88.05,3.17,1.57,14.08
2024-02-08,14.73,84.79,2.27,1.04,16.18
2024-02-09,14.9,87.34,2.83,0.77,13.84
2024-02-10,14.73,85.32,2.71,1.76,12.3
2024-02-11,14.41,85.29,2.41,5.6,11.09
2024-02-12,14.49,84.47,2.18,5.39,13.18
2024-02-13,14.65,88.48,2.54,1.66,17.42
2024-02-14,14.21,88.41,3.51,1.55,15.29
2024-02-15,13.43,88.7,3.49,0.97,9.34
2024-02-16,14.14,88.79,3.27,4.25,16.6
2024-02-17,14.59,87.93,2.92,2.56,15.86
2024-02-18,15.21,86.83,2.23,2.23,15.29
2024-02-19,15.9,82.96,1.13,3.87,14.49
2024-02-20,15.3,89.86,1.09,11.19,15.2
2024-02-21,15.8,78.25,3,5.74,10.91
2024-02-22,16.15,74.74,2.5,0.58,21.1
2024-02-23,15.64,76.64,1.1,0.94,18.72
2024-02-24,15.29,83.08,1.12,0.33,15.77
2024-02-25,14.57,90.68,1.49,8.48,16.06
2024-02-26,14.39,89.84,1.06,2.34,16.62
2024-02-27,14.28,88.8,1.94,2.16,13.18
2024-02-28,14.92,85.05,1.93,1.89,13.72
2024-02-29,14.95,88.67,2.14,10.4,15.35
2024-03-01,14.48,89.54,1.48,2.51,12.98
2024-03-02,14.75,87.47,1.78,3.25,16.28
2024-03-03,14.62,89.6,1.41,4.79,16.72
2024-03-04,15.45,83.94,1.7,0.28,12.79
2024-03-05,15.33,87.34,1.84,2.06,9.59
2024-03-06,15.01,87.97,2.41,5.02,13.85
2024-03-07,15.17,87.67,2.92,0.71,12.8
2024-03-08,15.11,86.86,3.14,0.04,10.85
2024-03-09,14.4,87.41,2.93,1.25,13.1
2024-03-10,14.67,86.26,2.91,0.16,16.37
2024-03-11,14.64,86.54,3.15,0.14,12.49
2024-03-12,14.32,85.98,2.84,2,16.53
2024-03-13,14.45,86.77,2.88,1.61,12.87
2024-03-14,13.9,88.4,3.36,2.16,15.35
2024-03-15,14.64,87.16,3.11,0.47,14.12
2024-03-16,14.93,84.7,2.52,0,18.58
2024-03-17,14.56,81.53,2.45,2.07,19.68
2024-03-18,14.42,87.14,2.4,2.87,13.98
2024-03-19,14.89,81.35,1.92,0.49,15.5
2024-03-20,15.77,80.71,1.43,1.77,17.29
2024-03-21,16.53,82.4,1.37,7.19,13.08
2024-03-22,15.69,85.44,1.47,1.98,12.43
2024-03-23,15.06,80.48,1.11,0.13,14.53
2024-03-24,15.65,84.2,1.07,3.28,15.44
2024-03-25,16.85,79.66,0.83,0.75,19.29
2024-03-26,15.31,78.77,1.29,0.04,17.63
2024-03-27,16.43,67.1,1.42,0.35,19.08
2024-03-28,16.4,68.28,1.08,2.29,22.84
2024-03-29,15.32,84.97,1.84,3.3,17.45
2024-03-30,14.88,84.33,2.12,0,16.78
2024-03-31,14.82,85.87,1.75,4.58,15.78
2024-04-01,14.85,89.18,1.25,13.34,14.94
2024-04-02,14.74,89.17,1.51,10.74,10.39
2024-04-03,14.7,88.91,1.74,12.96,16.71
2024-04-04,13.44,90.05,1.99,3.5,17.15
2024-04-05,13.6,86.55,2.22,2.05,16.65
2024-04-06,14.39,86.3,1.97,1.33,17.5
2024-04-07,14.93,86.47,2.27,0.24,17.54
2024-04-08,14.63,89.16,2.67,1.21,15.6
2024-04-09,14.34,85.92,2.5,0.59,19.19
2024-04-10,14.47,77.18,2.05,0.11,17.73
2024-04-11,14.22,83.61,2.04,0.33,17.69
2024-04-12,14.75,84.03,2.35,0,14.88
2024-04-13,15.23,85.57,2.2,0,12.47
2024-04-14,16,86.07,1.79,0.08,13.84
2024-04-15,16.05,86.02,1.51,4.41,12.86
2024-04-16,15.29,88.59,2.14,2.65,12.45
2024-04-17,14.93,88.26,2.16,2.59,11.22
2024-04-18,14.91,89.39,2.21,2.2,13.18
2024-04-19,14.8,89.21,1.66,2.12,14.28
2024-04-20,15.16,87.02,1.59,2.7,17.11
2024-04-21,14.66,91.8,1.34,14.88,9.71
2024-04-22,13.9,87.73,1.27,1.77,13.54
2024-04-23,14.66,84.65,1.42,5.06,16.75
2024-04-24,14.92,85.05,1.9,1.86,10.47
2024-04-25,14.79,85.84,1.85,2.4,11.99
2024-04-26,15.36,84.5,1.52,2.78,11.07
2024-04-27,15.09,85.66,1.24,8.79,13.88
2024-04-28,14.69,90.28,1.48,6.88,14.49
2024-04-29,14.92,86.93,1.81,5.04,13.97
2024-04-30,14.57,87.55,2.03,0.18,13.65
2024-05-01,14.45,85.8,2.43,0.01,17.48
2024-05-02,14.46,81.33,1.84,1.2,15.14
2024-05-03,15.07,82.95,1.2,9.59,14.84
2024-05-04,14.64,89.34,1.98,10.69,16.47
2024-05-05,13.63,90.83,2.07,15.52,15.26
2024-05-06,14.21,89.96,2.04,2.22,10.66
2024-05-07,14.65,89.15,2.11,0.97,12.17
2024-05-08,13.99,88.64,1.75,5.19,9.44
2024-05-09,14.35,87.75,2.2,0.67,13.16
2024-05-10,13.79,85.79,2.11,1.01,15.81
2024-05-11,14.22,83.85,2.11,0.27,15.96
2024-05-12,14.74,84.33,1.91,0.46,12.19
2024-05-13,14.69,86.67,2.16,0.45,14.19
2024-05-14,14.14,90.45,2.34,6.14,14.98
2024-05-15,13.43,90.63,1.88,7.75,12.99
2024-05-16,13.59,86.73,1.71,2.04,13.13
2024-05-17,14.2,85.09,1.75,1.48,12.98
2024-05-18,13.97,89.49,2.61,0.36,10.24
2024-05-19,13.68,89.5,2.82,2.76,13.26
2024-05-20,13.91,90.6,3.35,2.05,9.79
2024-05-21,14.17,89.37,2.75,1.59,14.56
2024-05-22,14.4,88.87,2.61,1.85,9.76
2024-05-23,14.74,86.7,2.05,0.42,11.67
2024-05-24,14.89,87.95,1.92,4.13,14.5
2024-05-25,14.13,89.19,1.98,8.35,13.65
2024-05-26,13.42,87.73,2.04,1.96,10.63
2024-05-27,13.81,88.35,2.22,2.43,13.91
2024-05-28,13.28,92.7,2.79,27.84,10.53
2024-05-29,12.66,91.49,3.05,7.99,14.5
2024-05-30,12.84,89.46,2.69,0.5,15.86
2024-05-31,13.22,88.94,3.13,0.03,16.06
2024-06-01,13.39,89.39,3.11,0.78,14.41
2024-06-02,13.45,87.49,2.11,2.6,14.07
2024-06-03,12.6,84.08,2.61,0.28,13.97
2024-06-04,11.86,88.61,3.05,0.56,13.22
2024-06-05,12.44,90.43,2.73,0.73,9.55
2024-06-06,12.25,90.09,2.95,0.79,12.71
2024-06-07,12.36,89.84,3.07,0.27,14.85
2024-06-08,12.79,89.6,2.82,0.57,12.23
2024-06-09,13.23,88.86,2.07,2.11,15.65
2024-06-10,12.79,89.44,1.85,2.98,15.42
2024-06-11,12.64,91.41,2.76,2.44,14.82
2024-06-12,13.12,90.97,2.87,2.93,10.51
2024-06-13,13.38,87.35,2.1,0.2,10.28
2024-06-14,14.09,86.94,1.58,2.31,9.31
2024-06-15,13.56,90.36,2.1,8.54,12.54
2024-06-16,13.09,92.05,2.87,20.01,11.28
2024-06-17,12.44,82.7,2.14,0.34,11.74
2024-06-18,13.64,72.21,1.37,0.54,15.61
2024-06-19,13.95,81.69,1.11,0.84,16.98
2024-06-20,13.08,90.78,1.72,6.16,15.56
2024-06-21,12,88.36,2.27,0.2,9.79
2024-06-22,12.61,84.37,2.03,0,15.15
2024-06-23,12.67,81.78,2.08,0.22,12.92
2024-06-24,11.95,84.27,2.14,0.57,12.4
2024-06-25,11.91,85.71,2.01,2.09,11.04
2024-06-26,12.26,87.75,2.33,0.13,14.54
2024-06-27,12.46,87.69,2.35,0.07,14.3
2024-06-28,13.47,77.95,1.5,1.52,14.48
2024-06-29,14.07,81.66,1.6,3.63,14.56
2024-06-30,13.16,90.11,2.32,2.7,10.21
2024-07-01,12.01,91.01,2.23,7.23,10.95
2024-07-02,11.43,88.6,2.92,2.68,10.27
2024-07-03,11.83,86.39,2.42,0.76,8.38
2024-07-04,12.79,83.46,1.8,0.01,12.45
2024-07-05,12.68,84.67,2.19,0.01,14.56
2024-07-06,12.14,88.38,3.5,1.04,12.7
2024-07-07,12.63,88.5,3.56,0.5,11.32
2024-07-08,11.43,83.94,3.11,0.85,12.34
2024-07-09,11.75,85.29,2.6,0.34,13.57
2024-07-10,12.9,86.98,2.4,0.04,10.96
2024-07-11,13.71,85.13,2.11,0.12,16.08
2024-07-12,11.25,89.32,2.56,4.23,17.19
2024-07-13,10.47,88.18,3.28,3.16,10.45
2024-07-14,11.51,88.62,3.02,1.62,12.83
2024-07-15,12.34,88.03,3.47,2.03,14.38
2024-07-16,12.1,87.41,3.73,0.27,16.36
2024-07-17,10.89,84.37,3.33,0.2,16.17
2024-07-18,11.55,86.62,2.92,0.07,14.28
2024-07-19,11.65,85.77,2.97,0.15,10.91
2024-07-20,10.66,84.74,3.02,0.33,11.21
2024-07-21,11.03,86.29,2.71,0.12,16.43
2024-07-22,10.58,89.67,2.91,5.37,18.67
2024-07-23,10.8,86.93,2.97,0.69,18.34
2024-07-24,11.57,84.45,3.01,0.09,17.49
2024-07-25,10.99,86.73,2.46,0.49,14.87
2024-07-26,11.2,83.63,2.83,0.06,11.47
2024-07-27,11.62,79.23,2.89,1.6,11.71
2024-07-28,12.24,84.59,3.23,0.65,11.25
2024-07-29,12.21,86.69,3.54,0.2,12.83
2024-07-30,11.52,84.42,3.62,0.29,16.23
2024-07-31,11.54,82.77,3.03,1.56,15.98
2024-08-01,11.31,78.75,2.52,0.34,9.72
2024-08-02,12.34,74,2.16,0,18.43
2024-08-03,12.85,71.15,1.97,0,21.35
2024-08-04,13.18,82.45,1.95,0.05,11.28
2024-08-05,13.11,86.36,2.27,1.59,14.05
2024-08-06,13.02,85.35,1.96,0.62,14.4
2024-08-07,13.79,83.54,1.91,0.78,15.93
2024-08-08,13.53,78.09,1.98,0.49,20.11
2024-08-09,12.58,81.51,2.14,2.8,6.94
2024-08-10,12.46,89.57,2.25,6.01,12.03
2024-08-11,13.39,83.7,2.27,0.98,15.07
2024-08-12,12.23,87.74,3.13,2.59,11.78
2024-08-13,12,84.59,3.55,0.12,11.51
2024-08-14,11.66,78.5,2.86,0.06,14.96
2024-08-15,11.37,85.11,3.5,0.37,6.31
2024-08-16,12.06,85.48,3.69,0.05,11.58
2024-08-17,12.26,83.42,3.31,1.03,12.69
2024-08-18,12.44,79.67,3.21,0.06,12.7
2024-08-19,12.42,72.4,2.95,0,21.89
2024-08-20,11.96,81.27,3,4.76,9.22
2024-08-21,12.78,82.84,2.66,0.2,13.49
2024-08-22,13.36,77.44,2.55,0,17.59
2024-08-23,13.47,84.91,2.63,0.97,14.06
2024-08-24,13.67,77.16,2.72,0.02,15.07
2024-08-25,12.6,82.74,2.99,2.57,18.3
2024-08-26,11.96,74.04,3.18,9.24,12.42
2024-08-27,12.58,83.3,3.18,0.03,13.65
2024-08-28,12.16,84.58,3.26,0,18.28
2024-08-29,12,76.9,3.13,0,20.58
2024-08-30,11.96,61.85,2.92,0,24.26
2024-08-31,12.95,73.17,2.62,0,24.81
2024-09-01,12.92,86.58,3.35,0.97,8.03
2024-09-02,12.88,81.39,3.53,0.33,18.98
2024-09-03,12.77,76.47,2.67,0.56,20.18
2024-09-04,13,81.46,3.29,0.09,17.71
2024-09-05,13.39,86.11,3.69,0.41,12.17
2024-09-06,13.7,84.95,3.88,0.68,7.43
2024-09-07,13.02,80.75,3.19,0.28,15.52
2024-09-08,12.82,86.34,3.91,0.44,7.92
2024-09-09,12.84,86.8,3.99,0.84,6.93
2024-09-10,13.43,77.5,2.92,0.06,24.78
2024-09-11,14.3,69.62,2.29,0,23.29
2024-09-12,14.18,72.38,2.87,0.02,23.62
2024-09-13,14.39,77.04,2.83,0,13.53
2024-09-14,14.19,79.53,2.85,0,20.85
2024-09-15,14.07,75.85,3.17,0.32,16.81
2024-09-16,14.01,83.96,3.75,0.32,9.44
2024-09-17,14.2,82.83,3.98,0.11,15.7
2024-09-18,14.22,83.11,3.52,1.26,19.52
2024-09-19,13.7,82.85,3.09,2.21,13.81
2024-09-20,13.49,81.54,3.17,0.15,9.95
2024-09-21,14.12,79.13,2.92,0.18,6.22
2024-09-22,13.78,85.41,2.66,3.74,14.35
2024-09-23,14.13,77.37,2.69,0.3,22.96
2024-09-24,14.15,67.12,2.53,0.14,19.6
2024-09-25,14.38,71.87,2.55,0,19.96
2024-09-26,15.36,68.16,2.15,0,17.31
2024-09-27,14.15,78.7,2.04,0.69,9.58
2024-09-28,13.86,81.28,1.62,5.31,6.51
2024-09-29,13.52,85.82,1.77,22.2,11.76
2024-09-30,13.39,85.49,2.29,2.29,7.1
2024-10-01,13.7,79.39,1.76,1.29,14.03
2024-10-02,14.62,77.96,1.61,5.37,14.17
2024-10-03,13.95,84,1.96,2.26,14.93
2024-10-04,14.05,74.16,2.48,3.37,17.26
2024-10-05,14.44,77.46,2.12,1.13,16.56
2024-10-06,14.6,82.34,2.3,1.51,16.6
2024-10-07,14.75,79.79,2.04,0.1,11.75
2024-10-08,14.95,85.12,1.85,1.77,10.22
2024-10-09,14.8,83,2,1.44,6.05
2024-10-10,14.56,80.85,2.05,2.37,13.32
2024-10-11,14.18,78.06,2.52,0.75,14.25
2024-10-12,13.61,74.67,2.99,0.11,20.24
2024-10-13,13.14,74.15,3.37,8.9,17.56
2024-10-14,12.82,81.55,3.34,8.73,11.28
2024-10-15,13.22,79.48,2.7,0.73,15.96
2024-10-16,14.16,73.27,2.38,0,23.98
2024-10-17,14.42,75.05,2.53,0,17.98
2024-10-18,14.96,78.3,2.09,0.84,20.37
2024-10-19,15.79,73.84,1.52,0.16,24.35
2024-10-20,15.1,82.94,1.19,1.48,10.78
2024-10-21,14.91,78.94,0.96,1.07,15.58
2024-10-22,15.24,81.28,1.49,6.28,16.21
2024-10-23,14.5,85.89,1.75,3.3,14.38
2024-10-24,15.38,80.52,1.99,0.19,21.33
2024-10-25,15.43,81.47,2.29,0,21.77
2024-10-26,15.65,77.93,2.24,0.63,21.85
2024-10-27,15.08,86.04,2.96,3.89,16.59
2024-10-28,12.85,86.72,3.54,8.91,8.66
2024-10-29,11.72,88.45,2.75,2.14,12.4
2024-10-30,13.21,83.64,2.08,24.62,15.02
2024-10-31,15.74,72.53,1.31,0.27,19.67
2024-11-01,16.63,69.95,1.22,0.03,15.81
2024-11-02,15.22,81.83,1.36,0.58,7.81
2024-11-03,14.88,84.45,0.98,0.23,6.67
2024-11-04,15.26,81.52,1.22,0.04,23.23
2024-11-05,15.18,86.18,1.32,6.52,19.92
2024-11-06,15.86,79.84,1,2.04,16.47
2024-11-07,15.78,83,0.98,3.38,21.46
2024-11-08,14.89,76.46,0.9,0,11.58
2024-11-09,15.24,77.49,1.2,0,19.44
2024-11-10,14.67,85.76,1.09,0,14.11
2024-11-11,16.34,65.24,1.41,0,22.3
2024-11-12,15.63,64.22,0.91,0.17,13.58
2024-11-13,13.84,79.55,1.17,2.15,20.26
2024-11-14,14.7,72,0.86,0.06,16.6
2024-11-15,15.52,78.49,1.4,0.02,22.76
2024-11-16,14.95,83.66,1.3,0.22,14.16
2024-11-17,14.92,83.27,1.42,0.33,15.15
2024-11-18,14.6,83.42,1.43,0.39,15.81
2024-11-19,15.56,76.98,1.12,0.01,21.19
2024-11-20,15.06,83.89,1.3,1.2,20.27
2024-11-21,14.32,83.59,1.29,1.2,12.63
2024-11-22,14.57,83.09,1.41,2.97,15.02
2024-11-23,13.85,87.16,1.5,8.76,14.22
2024-11-24,13.45,86.57,1.81,2.68,17.57
2024-11-25,13.94,81.21,2.08,1.06,17.17
2024-11-26,15.2,78.75,1.87,10.01,16.59
2024-11-27,13.85,87.51,1.74,7.02,12.39
2024-11-28,14.28,84.76,2.16,1.24,5.21
2024-11-29,13.43,86.56,2.71,1.96,11.41
2024-11-30,12.33,80.89,2.98,0.34,15.21
2024-12-01,13.52,70.5,2.45,0,17.68
2024-12-02,15.3,62.41,1.48,0,19.9
2024-12-03,15.29,81.74,1.57,5.84,15.4
2024-12-04,15.55,86.06,1.71,1.65,16.8
2024-12-05,15.07,86.35,1.15,7.95,9.44
2024-12-06,15.22,84.08,1.08,0.66,8.15
2024-12-07,14.85,86.18,1.41,6.55,9.84
2024-12-08,13.86,87.68,1.5,4.7,14.38
2024-12-09,13.95,87.68,2.64,1.99,15.89
2024-12-10,13.75,87.38,3.14,0.77,7.95
2024-12-11,14.03,86.53,2.59,0.59,11.67
2024-12-12,14.88,84.57,1.8,8.58,15.48
2024-12-13,15.87,80.31,1.09,4.17,12.02
2024-12-14,15.67,84.35,1.05,2.97,12.53
2024-12-15,14.4,91.39,1.13,18.48,10.88
2024-12-16,13.9,86.09,2.16,1.43,13.44
2024-12-17,14.25,87.29,3.28,0.44,11.86
2024-12-18,14.49,87.51,2.46,2.05,10.79
2024-12-19,14.53,85.16,2.33,2.04,14.21
2024-12-20,14.68,86.39,2.2,0.44,12.53
2024-12-21,14.96,81.83,1.88,0.11,16.07
2024-12-22,14.81,84.61,2.13,3.75,13.17
2024-12-23,14.32,87.45,2.08,3.02,7.96
2024-12-24,15.39,81.46,1.45,3.3,14.77
2024-12-25,15.25,88.41,1.27,12.21,12.07
2024-12-26,14.28,90.52,1.33,18.23,16.01
2024-12-27,14.2,86.72,1.27,8.88,9.87
2024-12-28,13.75,88.62,1.65,6.04,13.59
2024-12-29,13.91,87.7,1.57,9.62,12.95
2024-12-30,14.24,83.65,1.33,4.65,11.87
2024-12-31,14.22,84.58,1.56,5.11,15.84
2025-01-01,14.24,89.1,0.87,5.11,15.25
2025-01-02,13.41,90.25,1.4,9.97,7.94
2025-01-03,13.77,86.55,1.7,8.32,9.35
2025-01-04,13.66,89.93,1.56,2.58,14.59
2025-01-05,13.9,88.36,1.95,5.44,15.91
2025-01-06,14.45,81.98,1.63,0.79,14.5
2025-01-07,14.2,89.82,1.25,16.66,15.51
2025-01-08,14.75,87.76,1.31,8,9.08
2025-01-09,14.04,90.24,0.61,5.07,10.93
2025-01-10,14,90.37,1.15,2.7,15.71
2025-01-11,14.3,86.06,2.05,1.83,13.24
2025-01-12,13.51,87.6,1.71,1.34,10.6
2025-01-13,14.55,84.19,1.24,0.41,14.25
2025-01-14,14.33,85.53,1.42,3.2,16.61
2025-01-15,14.83,85.92,1.23,1.44,15.08
2025-01-16,13.96,90.15,0.97,5.15,16.49
2025-01-17,13.45,90.23,1.07,2.74,15.87
2025-01-18,13.49,90.28,1.08,6.88,14.52
2025-01-19,14.5,88.94,1.12,4.35,14.12
2025-01-20,14.36,84.14,1.04,3.43,13.85
2025-01-21,14.11,87.24,1.33,4.42,13.8
2025-01-22,13.73,88.22,1.79,2.79,16.14
2025-01-23,12.16,77.35,2.02,0.07,20.49
2025-01-24,11.75,76.17,2.02,1.92,9.4
2025-01-25,12.3,88.39,2.66,1.74,9.42
2025-01-26,12.54,88.9,2.53,1.85,11.36
2025-01-27,13.28,88.21,2.43,0.56,15.31
2025-01-28,13.26,89.8,2.58,2.46,9.01
2025-01-29,12.19,90.08,2.78,2.24,9.18
2025-01-30,12.08,87.48,2.91,1.29,11.2
2025-01-31,13.2,88.13,2.47,0.74,12.32
2025-02-01,14.03,85.66,2.04,0.06,13.99
2025-02-02,14.94,86.52,1.79,0,17.15
2025-02-03,15.01,87.79,2,0.17,14.22
2025-02-04,14.66,86.69,1.83,3.95,14.51
2025-02-05,14.79,85.68,1.66,3.93,14.33
2025-02-06,14.91,87.37,2.24,1.94,7.1
2025-02-07,14.11,90.86,2.96,3.96,11.76
2025-02-08,13.41,87.07,2.04,1.44,12.38
2025-02-09,14.57,82.78,2.01,2.12,12.07
2025-02-10,14.24,88.26,1.28,6,12.61
2025-02-11,14.42,85.93,0.95,7.19,11.11
2025-02-12,13.61,89.95,1.1,10.69,7.88
2025-02-13,13.25,88.86,1.39,12.82,6.29
2025-02-14,13.82,87.44,0.82,2.72,16.62
2025-02-15,14.73,84.99,1.06,7.4,14.1
2025-02-16,14.25,88.92,1.25,8.97,12.76
2025-02-17,13.26,94.13,0.95,7.59,8.85
2025-02-18,13.82,89.39,1.49,7.63,1.51
2025-02-19,13.9,89.9,1.42,4.85,11.51
2025-02-20,14.19,85.45,2.23,4.27,6.33
2025-02-21,13.54,89.26,2.34,1.76,11.99
2025-02-22,13.48,87.57,2.24,3.5,12.95
2025-02-23,13.56,87.4,2.24,5.86,11.48
2025-02-24,13.26,89.26,1.99,5.03,9.83
2025-02-25,14.13,88.39,1.74,2.78,13.61
2025-02-26,14.13,89.52,1.72,7.45,5.59
2025-02-27,14.85,84.12,1.62,5.03,15.61
2025-02-28,14.84,87.92,1.58,3.15,13.84
2025-03-01,14.56,87.8,1.19,11.29,7.23
2025-03-02,13.77,89.07,0.63,17.02,5.24
2025-03-03,14.97,88.48,1.41,6.87,7.36
2025-03-04,14.56,90.15,0.73,6.62,10.74
2025-03-05,13.45,89.52,0.76,2.55,4.12
2025-03-06,13.52,89.21,0.64,4.51,7.81
2025-03-07,14.77,79.37,1,1.34,11.86
2025-03-08,14.17,87.41,0.94,8.65,9.99
2025-03-09,13.15,83.67,0.93,1.07,13.19
2025-03-10,14.28,84.52,1.26,14.87,14.01
2025-03-11,13.94,86.51,1.25,4.44,15.94
2025-03-12,14.2,89.57,1.31,8.02,16.33
2025-03-13,13.7,91.32,1.23,6.64,2.68
2025-03-14,13.72,90.02,0.56,7.6,9.52
2025-03-15,13.72,89.94,0.96,2.11,10.72
2025-03-16,14.52,87.65,1.89,23.65,12.57
2025-03-17,13.8,87.4,1.94,1.95,5.41
2025-03-18,14.22,85.05,1.71,2.77,13.02
2025-03-19,14.2,90.2,2.22,9.61,10.21
2025-03-20,13.08,90.69,2.08,2.43,16.64
2025-03-21,13.45,88.34,2.53,2.15,13.02
2025-03-22,13.46,90.16,2.53,1.22,12
2025-03-23,13.47,91.5,2.44,6.74,8.79
2025-03-24,13.62,90.12,2.31,0.57,8.47
2025-03-25,13.22,89.78,2.2,1.45,12.24
2025-03-26,13.32,86.41,1.86,3.44,14.56
2025-03-27,13.13,88.28,1.63,9.52,12.96
2025-03-28,14.11,86.87,1.75,7.04,11
2025-03-29,14.71,89.6,1.28,19.12,10.01
2025-03-30,14.27,90.38,0.75,9.02,10.59
2025-03-31,14.44,90.01,1.17,6.05,7.93
2025-04-01,14.27,89.46,1.62,30.15,9.26
2025-04-02,13.53,91.83,2.04,11.48,-999
2025-04-03,13.22,91.94,1.65,6.1,13.43
2025-04-04,13.32,90.67,2.15,2.13,11.16
2025-04-05,13.74,91.35,2.47,5.63,14.83
2025-04-06,13.75,92.78,3.06,18.42,10.81
2025-04-07,13.6,91.3,2.34,2.65,18.63
2025-04-08,13.65,91.67,2.08,5,13.94
2025-04-09,13.63,90.94,1.91,3.8,17.07
2025-04-10,14.03,85.01,1.49,12.11,13.16
2025-04-11,14.25,87.43,1.21,7.59,13.37
2025-04-12,13.97,91.65,1.26,6.99,11.58
2025-04-13,13.21,91.28,2.19,2.24,11.99
2025-04-14,13.05,91.24,2.25,0.32,11.24
2025-04-15,13.2,83.56,2.29,0.23,19.79
2025-04-16,13.76,83.12,2.12,3.43,14.61
2025-04-17,13.06,90.7,2.41,3.96,10.63
2025-04-18,13.37,89.62,2.48,1.24,13.55
2025-04-19,12.85,88.45,2.38,0.56,14.16
2025-04-20,13.03,89.02,2.18,2.21,18.01
2025-04-21,13.67,87.11,1.52,4.57,17.05
2025-04-22,14.36,87.69,1.48,6.99,16.16
2025-04-23,14.13,91.12,1.58,3.36,12
2025-04-24,14.36,86.29,1.55,7.75,6.27
2025-04-25,14.35,87.27,1.23,10.51,12.06
2025-04-26,13.98,88.69,1.26,7.04,13.49
2025-04-27,13.85,91.23,1.35,12.88,13.87
2025-04-28,13.39,91.3,1.68,6.04,8.6
2025-04-29,13.28,89.64,1.9,1.68,12.97
2025-04-30,13.2,92.01,1.97,4.22,9.06
2025-05-01,14.14,90.84,0.66,7.09,12.24
2025-05-02,14.09,89.02,0.66,5.98,16.21
2025-05-03,13.77,88.93,0.81,2.72,10.4
2025-05-04,13.45,87.82,0.72,4.58,11.2
2025-05-05,13.27,90.78,0.84,7.17,10.98
2025-05-06,12.8,90.68,0.68,3.66,12.53
2025-05-07,13.24,86.81,0.73,2.01,17.14
2025-05-08,13.73,82.16,0.86,0.9,9.3
2025-05-09,13.14,87.11,0.95,2.53,13.4
2025-05-10,12.97,93.85,1.16,18.57,10.35
2025-05-11,12.8,93.47,1.44,17.47,12.26
2025-05-12,12.6,94.72,1.14,22.81,10.04
2025-05-13,13.17,87.82,1.09,2.51,13.23
2025-05-14,12.94,87.02,0.86,2.07,13.95
2025-05-15,12.71,87.69,0.93,1.24,8.6
2025-05-16,13.35,88.18,0.59,3.69,10.47
2025-05-17,14.09,91.41,0.34,10.84,11.97
2025-05-18,15,88.46,0.43,10.21,14.43
2025-05-19,14.66,90.18,0.8,7.54,9.58
2025-05-20,13.46,90.32,0.91,4.97,17.45
2025-05-21,12.58,90.99,1.02,3.27,13.37
2025-05-22,12.87,90.91,1.01,4.97,11.99
2025-05-23,12.67,93.18,1,8.1,7.88
2025-05-24,13.05,92.05,0.95,5.43,11.34
2025-05-25,13.56,91.05,0.79,10.26,8.1
2025-05-26,13.34,93.78,0.71,5.93,12.13
2025-05-27,13.7,89.75,0.72,4.13,13.5
2025-05-28,13.35,90.23,0.88,3.08,15.25
2025-05-29,12.83,92.61,1.02,7.3,-999
2025-05-30,13.15,92.4,1,9.62,-999
2025-05-31,-999,-999,-999,-999,-999
